episode,reward,length,epsilon
1,-71.47848148937112,114,0.049975000000000006
2,-149.83945421191112,107,0.04995001250000001
3,-126.53683642410252,89,0.04992503749375001
4,4.5753122300411775,137,0.049900074975003136
5,-110.53032317142369,123,0.049875124937515634
6,-242.72188000201663,106,0.04985018737504688
7,-153.34246093420296,84,0.04982526228135936
8,-111.36506497891699,70,0.049800349650218685
9,-277.7983528659021,92,0.04977544947539358
10,-214.26316367563197,100,0.04975056175065588
11,19.353842412716077,83,0.04972568646978056
12,-342.1838896791129,84,0.049700823626545675
13,-225.0206416706919,73,0.049675973214732404
14,-318.23859631894015,106,0.04965113522812504
15,-105.57094004401158,125,0.04962630966051098
16,-188.42221784948566,113,0.04960149650568073
17,-264.53451479076114,111,0.04957669575742789
18,-351.6654943139365,113,0.04955190740954918
19,-218.306936908405,100,0.049527131455844406
20,-106.74236569832223,62,0.049502367890116486
21,-117.07780665795656,75,0.04947761670617143
22,-115.61848826780648,71,0.04945287789781835
23,-323.0084279157582,88,0.04942815145886944
24,-85.87189000679976,55,0.04940343738314001
25,-156.4720726703498,135,0.04937873566444844
26,-379.740891386698,83,0.049354046296616216
27,-310.3581714307183,110,0.04932936927346791
28,-115.07473255583167,71,0.04930470458883118
29,-235.16513537236008,104,0.04928005223653677
30,-179.76866667438637,87,0.0492554122104185
31,-81.89099715533766,65,0.04923078450431329
32,-80.50363958732572,117,0.04920616911206114
33,-408.0147819420287,77,0.04918156602750511
34,-98.12760025396301,70,0.04915697524449136
35,-203.9386541913862,67,0.04913239675686912
36,-375.0957399043435,114,0.04910783055849069
37,-120.67316091784494,67,0.049083276643211445
38,-223.65788072009042,99,0.049058735004889845
39,-119.09524921104568,65,0.049034205637387404
40,-56.957590952971415,66,0.04900968853456871
41,-110.930686856507,95,0.04898518369030143
42,-81.85570506648835,107,0.04896069109845628
43,-116.58606052412226,79,0.04893621075290705
44,-304.6484623431299,106,0.0489117426475306
45,-113.19561040743118,103,0.04888728677620684
46,-92.4068520206106,65,0.04886284313281874
47,-485.5492646768011,147,0.04883841171125233
48,-85.00254512082326,90,0.04881399250539671
49,-102.49822404674343,111,0.048789585509144015
50,-101.48823087323186,85,0.04876519071638945
51,-115.53928883448926,121,0.04874080812103126
52,-219.50850529290847,61,0.04871643771697075
53,-212.41196539713928,120,0.048692079498112266
54,-191.4463502648228,65,0.04866773345836321
55,-244.80817769298315,76,0.04864339959163404
56,-201.66665702018338,72,0.048619077891838225
57,-304.4325881721465,95,0.04859476835289231
58,-196.10873514448252,81,0.04857047096871587
59,-313.3913309880956,91,0.048546185733231516
60,-122.65973184853732,146,0.0485219126403649
61,-145.81475864172376,128,0.04849765168404472
62,-265.9571825255334,81,0.0484734028582027
63,-162.23052924881836,87,0.0484491661567736
64,-138.0388454560134,75,0.048424941573695215
65,-274.9905699556613,106,0.04840072910290837
66,-134.29163345921677,106,0.04837652873835692
67,-174.15590317997317,115,0.048352340473987745
68,-153.98159671568948,93,0.048328164303750754
69,-170.69502778707147,113,0.04830400022159888
70,-91.66098885522052,71,0.04827984822148808
71,-271.3321761036722,98,0.04825570829737734
72,-126.59325673030357,115,0.04823158044322865
73,-104.29676514829224,115,0.04820746465300704
74,-129.63505546303884,133,0.04818336092068054
75,-179.67479264263218,72,0.0481592692402202
76,-81.02642688786361,81,0.04813518960560009
77,-87.61555625665423,81,0.04811112201079729
78,-148.93012100511675,125,0.048087066449791896
79,-172.34205656123459,67,0.048063022916567
80,-88.96081196544907,98,0.04803899140510872
81,-122.76638265142672,132,0.04801497190940617
82,-80.91027485641919,59,0.04799096442345147
83,-106.74168181846763,97,0.04796696894123975
84,-166.20205008392838,94,0.04794298545676914
85,-146.76586171343192,111,0.04791901396404075
86,-124.65852452196953,84,0.04789505445705874
87,-114.05570544665873,70,0.04787110692983021
88,-121.67722733186295,96,0.047847171376365294
89,-105.83851262418189,81,0.04782324779067711
90,-51.07000684963642,126,0.04779933616678178
91,-128.17173173431522,79,0.04777543649869839
92,-58.097789807389304,112,0.047751548780449043
93,-92.90394344160688,102,0.04772767300605882
94,-80.21324567930436,73,0.04770380916955579
95,-185.0951819457104,108,0.04767995726497102
96,-158.41438576715433,81,0.047656117286338534
97,-82.74719975064238,126,0.04763228922769537
98,-122.85268262966139,91,0.047608473083081526
99,-59.675103038460165,96,0.04758466884653999
100,-246.99244061391045,111,0.04756087651211672
101,-65.7338575367138,84,0.04753709607386066
102,-112.36362015195152,90,0.04751332752582373
103,-220.55746772491386,136,0.04748957086206082
104,-125.90473594047586,109,0.047465826076629795
105,-59.48789500973662,91,0.047442093163591485
106,-112.3491646071199,74,0.047418372117009694
107,-107.34476523860859,64,0.04739466293095119
108,-42.832490657083554,86,0.04737096559948571
109,-155.41839471564515,103,0.04734728011668597
110,-103.67200183683133,102,0.04732360647662763
111,-310.2107852574834,90,0.04729994467338932
112,-179.94988870199455,118,0.04727629470105263
113,-105.06503319508143,71,0.0472526565537021
114,-175.55389639980638,110,0.04722903022542525
115,-109.28641176454286,107,0.047205415710312545
116,-421.15022187807585,94,0.04718181300245739
117,-260.48089898594014,99,0.047158222095956166
118,-104.98203066323093,116,0.047134642984908194
119,-77.6868397579886,110,0.04711107566341574
120,-89.1825433991675,101,0.04708752012558404
121,-127.6923752113037,91,0.047063976365521246
122,-65.28126181565474,93,0.04704044437733849
123,-73.28061342770779,78,0.04701692415514982
124,-108.85860404530425,85,0.04699341569307225
125,-100.22136623999927,130,0.04696991898522571
126,-141.60186878984746,92,0.046946434025733105
127,-177.97127105922718,94,0.04692296080872024
128,-118.565442326869,102,0.046899499328315886
129,-303.96922398330605,102,0.046876049578651734
130,-405.1176465841474,111,0.04685261155386241
131,26.895785006218105,104,0.04682918524808548
132,-77.74284903986808,121,0.04680577065546144
133,-116.72703521439215,119,0.04678236777013371
134,-131.9213618708836,72,0.04675897658624865
135,-158.25079415716056,142,0.04673559709795552
136,-172.42718499682832,112,0.04671222929940655
137,-139.49334452632206,91,0.04668887318475685
138,-118.38907590842423,104,0.04666552874816447
139,-429.03940569551975,109,0.046642195983790394
140,-105.54627981867225,74,0.0466188748857985
141,-347.3616986950374,99,0.04659556544835561
142,-215.64752131274216,112,0.04657226766563143
143,-262.8047490829209,116,0.04654898153179862
144,-64.93219434396698,79,0.046525707041032725
145,-171.42167487773202,114,0.04650244418751221
146,-133.25310110652055,89,0.046479192965418456
147,48.52049036982683,80,0.04645595336893575
148,-304.57355331338897,82,0.04643272539225129
149,-171.41078537566236,100,0.046409509029555165
150,-75.92458795373939,104,0.04638630427504039
151,-96.56263403513688,140,0.046363111122902874
152,-384.1098672060596,100,0.046339929567341426
153,-126.50289814118307,118,0.04631675960255776
154,-92.51479855399364,92,0.046293601222756484
155,-100.00255082772361,74,0.046270454422145106
156,-188.09247807921696,120,0.046247319194934036
157,-157.2871031932284,127,0.04622419553533657
158,-82.57068100316867,88,0.0462010834375689
159,-119.57388593789697,89,0.04617798289585012
160,-74.51729322598825,105,0.0461548939044022
161,-398.08561294399664,90,0.04613181645745
162,-380.6009313550585,108,0.046108750549221277
163,-134.96930721445773,117,0.046085696173946665
164,-135.4304444683455,117,0.046062653325859695
165,-315.5821791603365,122,0.04603962199919677
166,-80.68366323979727,173,0.04601660218819718
167,-84.74722047741494,92,0.04599359388710308
168,-331.31038169422686,72,0.04597059709015953
169,-326.2656558713843,149,0.04594761179161445
170,-71.5238224513567,79,0.04592463798571864
171,-327.96695733518015,114,0.04590167566672579
172,-206.83908890879633,121,0.04587872482889243
173,-173.37897233541185,76,0.045855785466477984
174,-266.3291219341669,76,0.04583285757374475
175,-127.83261662845948,116,0.04580994114495788
176,-92.32754476748313,100,0.045787036174385405
177,-111.42593789945596,94,0.04576414265629822
178,-248.1543706983255,136,0.04574126058497007
179,-7.8769870339078665,144,0.04571838995467759
180,-377.17519762522033,148,0.04569553075970026
181,-106.81108527607844,153,0.04567268299432041
182,-443.16282225980495,113,0.045649846652823255
183,-296.84142956630154,107,0.04562702172949685
184,-199.22726679820096,86,0.045604208218632106
185,-130.5494234831961,69,0.04558140611452279
186,-249.0974936029971,93,0.04555861541146553
187,-414.58850349280135,102,0.0455358361037598
188,-278.4667756967982,174,0.045513068185707925
189,-96.19726377607977,114,0.04549031165161507
190,-160.69138436947233,158,0.045467566495789265
191,-306.28124183451826,160,0.04544483271254137
192,-162.47689855635343,127,0.045422110296185106
193,-139.14837025291374,131,0.04539939924103702
194,-265.6769456895413,142,0.0453766995414165
195,-104.10505543670176,91,0.045354011191645796
196,-343.9585655119229,103,0.045331334186049975
197,-74.12435618460292,82,0.04530866851895695
198,-213.16830345193932,211,0.04528601418469747
199,-145.47200027577986,142,0.04526337117760513
200,-294.3562875471814,125,0.045240739492016326
201,-76.12520023682109,76,0.04521811912227032
202,-115.19663979069801,130,0.045195510062709186
203,-173.41112468146417,106,0.04517291230767784
204,-84.60486086671344,98,0.045150325851524
205,-127.54231942570067,153,0.04512775068859824
206,-86.79349825219026,67,0.04510518681325395
207,-205.1138542468837,128,0.045082634219847324
208,-129.74694016763362,92,0.0450600929027374
209,-409.6906803573794,78,0.04503756285628604
210,-116.30054875236117,111,0.045015044074857895
211,-149.85178359463953,131,0.04499253655282047
212,-346.83358266610173,132,0.044970040284544065
213,-57.70341340285071,113,0.04494755526440179
214,-295.7262207439019,91,0.044925081486769596
215,-144.61574458819751,96,0.044902618946026214
216,-274.9511303483121,116,0.044880167636553205
217,-163.52634096308358,133,0.04485772755273493
218,-241.57368958763453,118,0.04483529868895856
219,-26.401411344353207,189,0.04481288103961408
220,-197.68981297029995,77,0.04479047459909428
221,-136.56768061579513,99,0.044768079361794735
222,-52.676448137256585,95,0.04474569532211384
223,-200.17142341070814,83,0.044723322474452785
224,-116.02070838505603,102,0.04470096081321556
225,19.332305520770745,102,0.044678610332808955
226,-123.1395767458893,80,0.04465627102764255
227,-114.96327848710382,132,0.044633942892128735
228,-76.10486502424794,119,0.04461162592068267
229,-201.23583181625315,160,0.04458932010772233
230,-245.43915678696666,88,0.044567025447668475
231,-107.89365012853062,89,0.04454474193494464
232,-210.09619629147042,108,0.04452246956397717
233,-270.5458249162887,113,0.044500208329195184
234,-101.00296865099575,103,0.04447795822503059
235,-109.2612084403128,74,0.044455719245918075
236,-90.65582620575518,107,0.04443349138629512
237,-142.64863926162803,98,0.044411274640601975
238,-83.21302324985089,113,0.04438906900328168
239,-60.3163829762799,110,0.044366874468780036
240,-100.34284371891918,97,0.04434469103154565
241,-163.62419876319157,131,0.04432251868602988
242,-99.750741717583,132,0.044300357426686865
243,-214.71267925820172,127,0.044278207247973524
244,-35.326262285334195,178,0.04425606814434954
245,-170.50976848870874,120,0.04423394011027737
246,-154.89480531330184,65,0.044211823140222234
247,-325.6891351975636,128,0.04418971722865213
248,-58.103620649893834,84,0.0441676223700378
249,-216.50173921976366,96,0.04414553855885279
250,13.073187053947805,142,0.044123465789573366
251,-88.81702002418477,84,0.04410140405667858
252,-153.18982103987778,128,0.04407935335465025
253,-121.73140771734612,119,0.04405731367797293
254,-325.9161355726194,129,0.04403528502113394
255,-494.9409759384767,135,0.04401326737862338
256,-198.2064842045553,131,0.04399126074493407
257,-230.9297539612948,103,0.043969265114561604
258,-71.10719367182445,67,0.043947280482004324
259,-265.3899009330216,159,0.04392530684176332
260,-56.9174557932849,134,0.04390334418834244
261,-75.51741579568913,118,0.04388139251624827
262,-158.47694112096758,126,0.04385945181999015
263,-202.36735612182395,134,0.04383752209408016
264,-370.50289459260927,155,0.04381560333303312
265,-187.5558150984951,155,0.043793695531366604
266,5.234324033471111,113,0.043771798683600927
267,-88.05361111038629,165,0.04374991278425913
268,-205.67426550450543,69,0.043728037827867
269,-360.89817234413783,105,0.04370617380895307
270,-150.5769378713507,88,0.0436843207220486
271,-78.08681466444723,87,0.043662478561687576
272,-122.98454225471441,146,0.04364064732240674
273,-271.8329865251086,116,0.04361882699874554
274,-253.05096927990672,130,0.043597017585246166
275,-282.1332354255185,141,0.04357521907645354
276,-96.15279039008243,142,0.043553431466915316
277,-114.84709336015206,186,0.04353165475118186
278,-155.9618570276562,185,0.04350988892380627
279,-152.57084089412194,84,0.04348813397934437
280,-120.86007704105894,104,0.0434663899123547
281,-171.46964635177648,151,0.04344465671739853
282,-243.11485163778462,101,0.04342293438903983
283,-144.24245559143384,154,0.04340122292184531
284,-146.11590305351046,127,0.04337952231038439
285,-361.881501768861,122,0.043357832549229196
286,-136.4175126086819,80,0.04333615363295459
287,-215.60135201226717,123,0.043314485556138115
288,-251.6809022111606,111,0.043292828313360045
289,-238.77305916990892,110,0.04327118189920337
290,-114.5083628427545,93,0.04324954630825377
291,-65.89695100439116,132,0.04322792153509965
292,-391.38795973640555,205,0.0432063075743321
293,6.8910117588391415,125,0.043184704420544937
294,-57.38610429304053,111,0.04316311206833467
295,-234.42357369763656,251,0.043141530512300505
296,-87.4638202931872,141,0.043119959747044356
297,-73.53929839191508,152,0.043098399767170836
298,-260.15484254109083,148,0.04307685056728725
299,-189.62217023796836,149,0.04305531214200361
300,-120.96109718117117,139,0.04303378448593261
301,-173.8781906882958,108,0.043012267593689646
302,-135.58485819626446,105,0.04299076145989281
303,-145.9577426938109,110,0.04296926607916286
304,-62.573501873460195,88,0.04294778144612328
305,-66.88596314095932,93,0.04292630755540022
306,-181.43105169530756,157,0.042904844401622524
307,-115.96656143870564,171,0.04288339197942172
308,-122.7331698994022,101,0.04286195028343201
309,-257.21465280258366,106,0.0428405193082903
310,-214.83039904306682,146,0.04281909904863616
311,-57.847684933211134,166,0.04279768949911184
312,-317.53712585103835,237,0.04277629065436229
313,-331.38773117890275,218,0.04275490250903511
314,-236.18019617908996,139,0.042733525057780594
315,-103.31766842109853,86,0.042712158295251705
316,-108.2048693499269,134,0.04269080221610408
317,-268.8677035479118,115,0.04266945681499603
318,-178.59352185236634,107,0.04264812208658853
319,-259.02225981575316,65,0.04262679802554524
320,-107.05389131534109,82,0.04260548462653247
321,-213.13996652796396,102,0.042584181884219204
322,-84.08771974914443,118,0.042562889793277096
323,-264.8471096460308,194,0.04254160834838046
324,-284.78951979406327,153,0.04252033754420627
325,-180.35258423460596,80,0.042499077375434166
326,-150.95101435124872,119,0.04247782783674645
327,-103.4541225810835,118,0.04245658892282808
328,-260.1330619661208,132,0.04243536062836667
329,-284.6892793962699,101,0.042414142948052486
330,-90.08920681074194,166,0.04239293587657846
331,-91.14298115670402,122,0.042371739408640176
332,-540.101739213171,115,0.04235055353893586
333,-154.96619544832208,179,0.042329378262166394
334,-308.74328960630385,117,0.04230821357303531
335,-169.6588896253154,171,0.0422870594662488
336,-230.54924609581994,138,0.04226591593651568
337,-148.73434911337222,89,0.042244782978547425
338,-139.29478236278578,103,0.042223660587058155
339,-297.63839608887537,114,0.04220254875676463
340,-85.39892676411692,91,0.04218144748238625
341,-230.0716311077822,169,0.04216035675864506
342,-265.88844663010605,134,0.04213927658026574
343,-43.64139991221218,86,0.042118206941975614
344,-348.90631760150774,129,0.04209714783850463
345,-374.0147285534981,150,0.04207609926458538
346,-363.0131354173954,156,0.04205506121495309
347,-162.51444075757237,114,0.04203403368434561
348,-112.50097007532226,143,0.04201301666750344
349,-121.32967220302146,116,0.041992010159169695
350,-261.8356221311162,115,0.04197101415409011
351,-189.34592365057313,128,0.04195002864701307
352,-86.09159158334629,135,0.04192905363268956
353,-65.2824455210341,95,0.041908089105873216
354,-154.1201876738089,118,0.04188713506132028
355,-122.3829660162753,108,0.041866191493789624
356,-275.9783074952439,112,0.041845258398042734
357,-239.54449333531474,112,0.041824335768843715
358,-130.70807879349326,159,0.041803423600959295
359,-82.14148735898203,74,0.04178252188915882
360,-166.3702842656216,109,0.04176163062821424
361,-229.78304190712214,209,0.04174074981290014
362,-98.61364262569317,151,0.04171987943799369
363,-319.9092884666474,91,0.041699019498274696
364,-200.94953883687333,167,0.04167816998852556
365,-116.80281451472197,114,0.0416573309035313
366,-300.51486264950984,143,0.041636502238079534
367,-172.4017443897868,125,0.0416156839869605
368,-331.7251654191573,134,0.04159487614496702
369,-94.02526503982395,85,0.041574078706894536
370,-37.35030314388416,86,0.04155329166754109
371,-412.451917108537,152,0.04153251502170732
372,-294.9949725799372,179,0.04151174876419647
373,-304.308713119097,136,0.04149099288981437
374,-126.46301038671035,160,0.04147024739336947
375,-63.293497438917754,260,0.041449512269672785
376,-395.4368836212216,138,0.04142878751353795
377,-311.17773236565586,105,0.04140807311978118
378,-90.58983739991474,77,0.04138736908322129
379,-88.83976836014114,126,0.041366675398679685
380,-124.05243261646066,119,0.04134599206098035
381,-113.61280964930776,108,0.041325319064949864
382,-176.39315597690518,100,0.04130465640541739
383,-196.83687696203202,164,0.041284004077214685
384,-74.93581801289511,106,0.04126336207517608
385,-374.0219487891636,105,0.04124273039413849
386,-308.1383247266634,125,0.041222109028941425
387,-385.779672597599,109,0.04120149797442696
388,-36.269580283911175,120,0.04118089722543975
389,-318.2777672831911,116,0.041160306776827034
390,-202.16278700803022,187,0.04113972662343862
391,-233.27760733881908,141,0.0411191567601269
392,-327.788455773631,194,0.04109859718174684
393,-107.97470840702594,107,0.04107804788315597
394,-79.83517592855279,147,0.041057508859214394
395,-380.17561623468663,135,0.041036980104784786
396,-125.97356250696117,105,0.041016461614732394
397,-218.13985292872758,168,0.04099595338392503
398,-258.3782742355078,114,0.040975455407233075
399,-136.91010403902465,178,0.04095496767952946
400,-61.961964569545415,64,0.0409344901956897
401,-365.0465453024986,115,0.040914022950591857
402,-287.2280518649493,145,0.04089356593911656
403,-84.9486552085502,181,0.040873119156147004
404,-47.69260370595329,141,0.040852682596568934
405,-122.38605392977041,113,0.04083225625527065
406,-150.30694603236333,191,0.04081184012714301
407,-183.4894636939208,118,0.040791434207079445
408,-94.87230822753385,200,0.04077103848997591
409,-290.48193340790385,131,0.040750652970730925
410,-105.53595442329411,79,0.04073027764424556
411,-155.17484834756317,96,0.04070991250542344
412,-339.71469487692906,115,0.04068955754917073
413,-364.8824257249084,134,0.040669212770396146
414,-327.366198110142,112,0.04064887816401095
415,-156.7491622202096,167,0.04062855372492895
416,-180.5800431567814,107,0.040608239448066484
417,-210.5414750161534,115,0.040587935328342456
418,-345.1313587450512,144,0.04056764136067829
419,-268.18272492051506,201,0.04054735753999795
420,-347.99140167977964,93,0.04052708386122795
421,-9.787178980049205,144,0.04050682031929734
422,-245.92838279358833,136,0.04048656690913769
423,-121.68573384368514,162,0.04046632362568312
424,-334.7084350939822,188,0.04044609046387028
425,-119.13449264455132,88,0.040425867418638343
426,-121.81427971235678,126,0.04040565448492903
427,-85.29755891332302,116,0.04038545165768657
428,-260.54526293291076,253,0.040365258931857724
429,-98.7577196778458,153,0.0403450763023918
430,-175.295456853879,123,0.040324903764240604
431,-216.35103579539992,197,0.040304741312358484
432,-115.36604723715782,136,0.04028458894170231
433,-79.74698201059667,133,0.04026444664723146
434,-508.3574282532587,218,0.04024431442390784
435,-24.13484880631411,163,0.04022419226669589
436,-116.60533377097724,109,0.040204080170562546
437,-311.26725302736156,144,0.04018397813047727
438,-391.9427602836417,120,0.04016388614141203
439,-147.77119678625172,99,0.04014380419834133
440,-98.48205956511148,120,0.04012373229624216
441,-358.31884358087416,117,0.04010367043009404
442,-108.84586825171482,139,0.040083618594878995
443,-287.1219579291694,121,0.040063576785581555
444,-342.7208249757829,155,0.04004354499718877
445,-132.30991735532314,155,0.040023523224690175
446,-173.69022678601834,151,0.04000351146307783
447,-168.40103536313313,151,0.03998350970734629
448,-253.10076159528987,105,0.03996351795249262
449,102.63426792842623,1000,0.03994353619351638
450,-359.5805933191451,150,0.039923564425419625
451,-259.61047899983544,129,0.039903602643206915
452,-168.56698025731697,143,0.03988365084188531
453,-134.35962883209586,101,0.03986370901646437
454,-463.9057736400626,125,0.03984377716195614
455,-215.0344218498467,151,0.03982385527337516
456,-152.09201445880774,188,0.039803943345738474
457,-75.74510737728438,180,0.039784041374065604
458,-253.91850813719932,127,0.039764149353378575
459,-59.919719335441386,87,0.03974426727870189
460,-95.03626629119312,148,0.03972439514506254
461,-373.03507336619697,157,0.03970453294749001
462,-182.9691138371628,156,0.03968468068101627
463,-441.5153290702842,119,0.039664838340675766
464,-244.95079369647476,135,0.03964500592150543
465,-376.9537726146234,211,0.03962518341854468
466,-193.33556242703804,139,0.03960537082683541
467,-303.3163120543466,170,0.039585568141421994
468,-293.40803191024474,121,0.039565775357351285
469,43.53255192325287,132,0.03954599246967261
470,-136.30199780650912,164,0.039526219473437776
471,-423.3267603920906,159,0.03950645636370106
472,-145.7622961995773,86,0.03948670313551921
473,-132.04970385342716,59,0.039466959783951455
474,-55.0973331696264,134,0.03944722630405948
475,-205.91120985648564,170,0.03942750269090745
476,16.485407841493952,147,0.039407788939562004
477,-303.1038646836938,184,0.039388085045092225
478,-209.82477290540177,141,0.03936839100256968
479,-337.1769322764367,124,0.0393487068070684
480,-273.54462099862917,136,0.03932903245366487
481,-281.0540033133086,104,0.03930936793743804
482,-399.32213139912466,117,0.039289713253469326
483,-209.3971424948287,158,0.03927006839684259
484,-274.24222783648287,125,0.03925043336264417
485,-147.30562765368458,121,0.03923080814596285
486,-420.78877355099024,128,0.039211192741889875
487,-112.29944626174921,155,0.03919158714551893
488,-172.41726934470537,137,0.03917199135194617
489,-167.66278209721006,167,0.0391524053562702
490,-294.1911775158295,155,0.03913282915359207
491,-96.79611923261649,147,0.039113262739015275
492,-295.6279678613038,110,0.03909370610764577
493,-135.12955279868288,181,0.039074159254591956
494,-113.03198055676569,122,0.039054622174964665
495,-205.06349732107896,116,0.039035094863877184
496,-105.34134756435262,113,0.03901557731644525
497,-144.06411263612995,146,0.03899606952778703
498,-163.38146496604418,88,0.03897657149302314
499,-196.01857594355016,130,0.03895708320727663
500,-270.2439606100064,115,0.038937604665673
501,-429.45170909312253,173,0.03891813586334016
502,-112.87610199444488,145,0.038898676795408496
503,-78.9127809864039,75,0.03887922745701079
504,-173.87345928189234,138,0.03885978784328229
505,-127.23328002398372,169,0.03884035794936065
506,-289.6542179092612,125,0.03882093777038597
507,-111.22389815555978,92,0.03880152730150078
508,-70.9416239605142,129,0.03878212653785003
509,-312.5873195710629,156,0.0387627354745811
510,-277.2444103634935,101,0.03874335410684381
511,-30.575319158668435,174,0.038723982429790395
512,-168.78143429715033,146,0.038704620438575504
513,-420.328794085421,121,0.038685268128356216
514,-142.04722869527166,149,0.03866592549429204
515,-96.32397298632465,138,0.0386465925315449
516,-86.06787674258527,77,0.03862726923527913
517,-211.3126426621138,145,0.03860795560066149
518,-447.30245544224493,175,0.03858865162286116
519,-208.05421293139267,190,0.03856935729704973
520,-82.54429920107691,160,0.03855007261840121
521,-197.70095548646373,208,0.03853079758209201
522,-343.05437544743694,112,0.038511532183300966
523,-95.3294917291272,87,0.038492276417209315
524,-288.84945593904604,151,0.03847303027900071
525,-130.43903569068914,108,0.03845379376386121
526,-354.5053665857407,93,0.03843456686697928
527,-477.8900123037538,146,0.038415349583545796
528,-283.816748166353,124,0.038396141908754025
529,-122.51306683775844,134,0.03837694383779965
530,-402.8573264108637,125,0.03835775536588076
531,-267.081440824172,166,0.03833857648819782
532,-214.64991142528345,193,0.03831940719995373
533,-276.8151096684737,132,0.03830024749635375
534,-322.50798147232234,118,0.03828109737260558
535,-351.0233255034607,128,0.03826195682391928
536,-123.20103456034487,153,0.038242825845507325
537,-152.12584601419977,137,0.038223704432584577
538,-367.2242153497675,104,0.038204592580368284
539,-80.69678933718745,144,0.038185490284078104
540,-132.24306080819272,149,0.03816639753893607
541,-318.41189505487205,108,0.0381473143401666
542,-178.70265057328245,199,0.038128240682996514
543,-125.66812432587159,144,0.03810917656265502
544,-334.6445607355654,106,0.0380901219743737
545,-92.18180321585109,92,0.038071076913386515
546,-87.23279927646726,85,0.038052041374929825
547,-243.97769327837827,110,0.03803301535424236
548,-97.03218268697913,83,0.03801399884656524
549,-83.59837453992117,130,0.03799499184714196
550,-151.1310862549831,99,0.037975994351218394
551,49.03225170356109,241,0.03795700635404279
552,-113.11693050450337,145,0.03793802785086577
553,-211.8181236582936,163,0.03791905883694034
554,-174.37959024727846,167,0.037900099307521876
555,-242.28754962846722,155,0.03788114925786812
556,-297.2079375849137,137,0.03786220868323919
557,-92.7814496526268,118,0.03784327757889757
558,-383.4158658366847,115,0.03782435594010812
559,-293.02724480604786,143,0.03780544376213807
560,-277.39620345734517,107,0.037786541040257
561,-151.7044947280461,178,0.03776764776973687
562,-38.98322797694358,99,0.037748763945852006
563,-62.689232109302715,123,0.037729889563879085
564,-279.08405429687764,155,0.037711024619097144
565,-53.54748661155466,158,0.0376921691067876
566,-389.2596625746829,164,0.0376733230222342
567,-74.10742765451947,192,0.037654486360723084
568,-390.78259761925807,152,0.03763565911754273
569,-25.979597310470936,128,0.03761684128798396
570,-261.30570146894087,120,0.037598032867339974
571,-168.66993839695147,64,0.03757923385090631
572,-80.73761018346977,144,0.037560444233980854
573,-86.38308345208011,165,0.037541664011863866
574,-322.32513524460177,121,0.037522893179857936
575,-109.26598111720627,135,0.03750413173326801
576,-402.07068024824974,204,0.03748537966740138
577,-452.34094644988556,124,0.037466636977567684
578,-251.19177282735006,118,0.0374479036590789
579,-284.01510838353227,108,0.03742917970724936
580,-195.12832004719752,167,0.03741046511739574
581,-317.92224587661417,114,0.03739175988483705
582,-262.6668631130916,100,0.03737306400489463
583,-281.4548059823625,197,0.037354377472892185
584,-272.06518462052355,195,0.03733570028415574
585,-260.24921626657044,142,0.037317032434013665
586,-63.619090602173735,143,0.03729837391779666
587,-380.85149367345946,116,0.037279724730837766
588,-101.30329392981018,167,0.03726108486847235
589,-249.71926281641683,122,0.037242454326038114
590,-99.88004001028077,127,0.0372238330988751
591,-280.9352047714225,243,0.037205221182325665
592,-209.59885424886636,109,0.037186618571734505
593,-297.32784478029754,122,0.03716802526244864
594,-184.1358302277554,149,0.037149441249817415
595,-250.34452692497894,136,0.03713086652919251
596,-187.75589576380634,72,0.03711230109592791
597,-424.5209781758159,153,0.03709374494537995
598,-181.69168593996363,146,0.03707519807290727
599,-235.83955169785304,155,0.037056660473870816
600,-29.661253333799607,72,0.037038132143633884
601,-376.83771791930974,111,0.03701961307756207
602,-381.94136584673845,107,0.03700110327102329
603,-403.9045579380039,116,0.036982602719387775
604,-327.7672463299819,107,0.036964111418028085
605,-298.61094056133265,110,0.03694562936231907
606,-232.76527990293428,153,0.03692715654763792
607,-116.24649930845735,153,0.0369086929693641
608,-131.2641606006443,133,0.03689023862287942
609,-142.55232505064703,228,0.036871793503567986
610,-432.96758351013665,136,0.036853357606816205
611,-149.50608124816011,138,0.0368349309280128
612,-56.2615044187984,65,0.03681651346254879
613,-67.5858648727532,140,0.03679810520581752
614,-279.1485132913922,151,0.03677970615321462
615,-308.8560138440512,133,0.036761316300138014
616,-293.6773749138515,167,0.036742935641987946
617,-239.57729876106345,154,0.03672456417416695
618,-149.76515086870825,156,0.03670620189207987
619,-97.33704664203937,187,0.036687848791133834
620,-381.45144646884125,132,0.03666950486673827
621,-359.0797566636573,121,0.0366511701143049
622,-246.27161611222974,186,0.036632844529247754
623,-152.39611801044913,100,0.03661452810698313
624,30.43673918389561,171,0.03659622084292964
625,-249.5477439802589,146,0.03657792273250818
626,-251.63593806569895,146,0.03655963377114193
627,-360.0335017290165,112,0.03654135395425636
628,-139.16666835736152,122,0.03652308327727923
629,-446.5714468051269,99,0.0365048217356406
630,-148.46049154057602,81,0.03648656932477278
631,-304.05302392874637,110,0.036468326040110396
632,-55.9329711224688,119,0.03645009187709034
633,-297.78768244743503,103,0.0364318668311518
634,-362.4335650862161,112,0.036413650897736224
635,-436.3072604712151,107,0.036395444072287356
636,-291.4739620103097,135,0.03637724635025121
637,-73.83079131525449,131,0.03635905772707609
638,-373.2759003292005,183,0.03634087819821255
639,-350.68957353476003,111,0.03632270775911345
640,-202.7445539805155,146,0.036304546405233895
641,-10.46028911941012,120,0.03628639413203128
642,-96.55434600982656,141,0.03626825093496527
643,-347.75836335252194,125,0.03625011680949779
644,-282.98697523539744,246,0.03623199175109304
645,-338.28270026529833,116,0.03621387575521749
646,-165.94961850689998,173,0.036195768817339886
647,-292.76112966817317,104,0.03617767093293122
648,-55.46624901818233,87,0.036159582097464754
649,-260.6299872051867,124,0.03614150230641602
650,-187.01760393977295,121,0.03612343155526282
651,-350.83402175117635,115,0.03610536983948519
652,-161.40433164930846,224,0.036087317154565444
653,-78.14524535911656,143,0.036069273495988166
654,-220.36365649534463,109,0.03605123885924017
655,-101.93609718171464,173,0.036033213239810555
656,-472.95516792313265,140,0.03601519663319065
657,-409.66701954868773,117,0.03599718903487406
658,-89.85876422443059,172,0.03597919044035663
659,-218.3705314908132,115,0.03596120084513645
660,-77.56619123568149,129,0.035943220244713886
661,-106.22408604980413,138,0.03592524863459153
662,-360.05196221974666,107,0.035907286010274236
663,-273.5935880187702,172,0.0358893323672691
664,-377.72444384877133,122,0.035871387701085465
665,-77.92504935054626,127,0.03585345200723492
666,-582.253058319621,197,0.03583552528123131
667,-149.60190514235572,195,0.03581760751859069
668,-27.877580462761912,106,0.0357996987148314
669,-365.055258298289,112,0.03578179886547399
670,-282.71576564234056,139,0.03576390796604125
671,-396.61941799818686,197,0.03574602601205823
672,-215.6314106813629,128,0.0357281529990522
673,-148.99379409589739,180,0.03571028892255268
674,5.587327229984453,146,0.035692433778091406
675,-71.65929536478049,99,0.03567458756120236
676,-203.31574176795078,140,0.035656750267421766
677,-310.9846867472239,130,0.03563892189228806
678,-162.02577184583413,250,0.035621102431341915
679,-520.5318059003614,113,0.035603291880126245
680,-362.662498642301,108,0.03558549023418618
681,-59.26772219836223,183,0.03556769748906909
682,-305.6452732086216,207,0.03554991364032456
683,-245.00200771699983,100,0.0355321386835044
684,-323.3610816690443,122,0.03551437261416265
685,-444.4474278654271,230,0.035496615427855566
686,-154.5088654004917,84,0.03547886712014164
687,-99.96747386183958,142,0.03546112768658157
688,-83.99264358957919,146,0.03544339712273828
689,-53.89230815078361,129,0.03542567542417691
690,-231.33450062920446,139,0.03540796258646483
691,-56.698954986764505,147,0.0353902586051716
692,-246.7427348079969,109,0.03537256347586902
693,-147.0231464315259,161,0.035354877194131086
694,-58.320399311616995,131,0.035337199755534024
695,-464.4639458700574,113,0.03531953115565626
696,-64.71692223333933,120,0.03530187139007843
697,-212.88736901313075,111,0.0352842204543834
698,-404.1269490284093,101,0.03526657834415621
699,-365.3568983540548,167,0.03524894505498413
700,-151.14152906360027,147,0.03523132058245664
701,-255.62894303941079,127,0.03521370492216542
702,-228.44964730192754,110,0.035196098069704335
703,-58.17040193132187,153,0.03517850002066948
704,-185.47882997223948,133,0.03516091077065915
705,-442.4585176907481,159,0.03514333031527382
706,-246.1127786219133,138,0.03512575865011618
707,-210.89811054932596,133,0.03510819577079113
708,-167.76325959992096,142,0.03509064167290574
709,-89.46276596701458,124,0.03507309635206929
710,-136.27491624345038,131,0.03505555980389326
711,-307.8446266379335,196,0.03503803202399131
712,-96.8283049901167,155,0.03502051300797932
713,-134.00629626502064,193,0.03500300275147533
714,-295.0074090683037,119,0.034985501250099596
715,-280.7090494320187,114,0.03496800849947455
716,-290.67711994324975,115,0.03495052449522481
717,-251.35240338758436,138,0.0349330492329772
718,-84.04535985576523,148,0.03491558270836071
719,-252.87326121337864,119,0.034898124917006536
720,-351.56216260648534,197,0.034880675854548036
721,-112.06127354794106,165,0.034863235516620766
722,-86.02304741800712,113,0.03484580389886246
723,-111.88566937225542,209,0.03482838099691303
724,-95.54154939586026,92,0.03481096680641457
725,-82.83677800539063,80,0.03479356132301137
726,-219.30948226309658,149,0.034776164542349865
727,-111.36518906429573,150,0.03475877646007869
728,-404.15380336653976,116,0.03474139707184865
729,-88.48089009735523,161,0.03472402637331273
730,-166.40707177172186,122,0.03470666436012608
731,-42.70116197437409,200,0.03468931102794602
732,-69.8633564887593,84,0.03467196637243205
733,-93.97877836459132,210,0.034654630389245836
734,-240.77017155421456,138,0.03463730307405122
735,-229.89024054667962,129,0.0346199844225142
736,-405.82506652264357,116,0.03460267443030294
737,-132.90543658200033,216,0.03458537309308779
738,-89.67187520855934,138,0.034568080406541246
739,-342.17605929640433,122,0.034550796366337976
740,-132.45409188476262,82,0.03453352096815481
741,-453.21404658095537,116,0.03451625420767074
742,-135.240400423272,125,0.034498996080566904
743,-98.60317705992887,147,0.034481746582526625
744,-279.8076994043182,118,0.034464505709235364
745,-195.04645330164766,202,0.034447273456380746
746,-61.96954971219762,126,0.03443004981965256
747,-126.97341268974996,105,0.03441283479474273
748,-39.32901748370257,92,0.03439562837734536
749,-157.06382342261185,155,0.03437843056315669
750,-272.01509829609233,174,0.03436124134787511
751,-129.63596614258338,134,0.03434406072720118
752,-325.26598236341647,139,0.03432688869683758
753,-47.60712090816364,113,0.03430972525248916
754,-22.694023267108747,162,0.03429257038986292
755,-73.22517508978152,149,0.03427542410466799
756,-359.87462696367646,120,0.034258286392615654
757,-156.94212802954308,119,0.03424115724941935
758,-118.53844799765139,97,0.03422403667079464
759,-148.8287864892249,146,0.034206924652459246
760,-109.38071907300268,133,0.034189821190133016
761,-334.9626063479299,124,0.03417272627953795
762,-396.8861015141643,109,0.03415563991639818
763,-164.79049815522924,155,0.034138562096439985
764,-251.176238714131,148,0.034121492815391764
765,-102.18970930181929,231,0.03410443206898407
766,-113.11069880848194,133,0.03408737985294958
767,-448.140690617405,184,0.03407033616302311
768,-60.47490685262818,168,0.034053300994941596
769,-247.61110022818045,128,0.034036274344444124
770,-367.93482948660005,122,0.034019256207271906
771,-194.73005661735718,123,0.03400224657916827
772,-220.25477934711665,107,0.033985245455878686
773,-70.53099525967531,138,0.03396825283315075
774,22.896253807858344,199,0.03395126870673417
775,-238.2768281908896,140,0.03393429307238081
776,-308.84720944378944,213,0.03391732592584462
777,-108.31233151274989,119,0.0339003672628817
778,-373.0835014791604,92,0.033883417079250265
779,-158.756435279173,120,0.03386647537071064
780,-90.66873266291488,174,0.03384954213302529
781,-270.3721099473206,246,0.03383261736195878
782,-414.17161084885174,106,0.0338157010532778
783,-112.88256104356688,220,0.033798793202751164
784,-438.62562958008914,171,0.03378189380614979
785,-248.65704263979157,150,0.03376500285924672
786,-239.25870814504492,207,0.033748120357817095
787,-303.6086837260963,207,0.03373124629763819
788,-337.4294021220288,247,0.033714380674489376
789,-82.64415887297258,121,0.033697523484152135
790,-383.31640405289687,133,0.03368067472241006
791,-233.29243469342362,132,0.03366383438504886
792,-468.2725632458727,108,0.03364700246785633
793,-263.6894854711134,167,0.033630178966622404
794,-546.1046069504953,95,0.0336133638771391
795,-58.07644574706792,145,0.03359655719520053
796,-111.5756592056015,234,0.03357975891660293
797,-80.10163951153767,90,0.033562969037144626
798,-185.75613351080912,148,0.033546187552626054
799,-198.56759909595365,127,0.03352941445884974
800,-195.42479784161736,124,0.03351264975162032
801,-78.67853709582374,132,0.033495893426744514
802,-113.27477177880345,122,0.03347914548003114
803,-16.804340344311413,172,0.033462405907291125
804,-120.70714454632277,205,0.03344567470433748
805,-416.7115916926736,182,0.033428951866985315
806,-221.60612851466706,167,0.03341223739105183
807,-222.2368628361648,302,0.0333955312723563
808,-52.791816250276696,190,0.03337883350672013
809,-426.14853298829235,201,0.033362144089966767
810,-253.76208935455304,115,0.03334546301792179
811,-61.70770009276238,121,0.03332879028641283
812,-334.18819954568016,113,0.033312125891269626
813,-404.9318100950134,103,0.033295469828323994
814,6.844911250810895,143,0.033278822093409835
815,-374.3566099763261,90,0.03326218268236313
816,-45.699242884735426,163,0.03324555159102195
817,-43.81482901833462,271,0.03322892881522644
818,-16.07851226117458,178,0.033212314350818825
819,-160.94279528141527,138,0.03319570819364342
820,-134.29465981938407,126,0.0331791103395466
821,-99.0566418911228,164,0.03316252078437683
822,-324.36629356152326,111,0.03314593952398464
823,-111.34707623662082,134,0.03312936655422265
824,-224.33632058424456,123,0.033112801870945535
825,-153.8412725292504,198,0.03309624547001006
826,-131.07825245550947,117,0.03307969734727506
827,-107.6815055236099,128,0.03306315749860143
828,-226.8853950511034,158,0.03304662591985213
829,-115.6707373892431,136,0.0330301026068922
830,-225.44470161990608,174,0.03301358755558876
831,-237.15172380071436,209,0.03299708076181097
832,-203.11782675438678,152,0.03298058222143006
833,-497.23763397359926,170,0.03296409193031935
834,-160.41924969661343,120,0.03294760988435419
835,-237.3178708665254,186,0.03293113607941201
836,-482.83298871200805,111,0.032914670511372306
837,-406.4056931415393,118,0.032898213176116624
838,-395.37801471000233,161,0.032881764069528564
839,-425.1454953300811,113,0.0328653231874938
840,-82.31070189974464,85,0.03284889052590006
841,-121.93831804112936,133,0.03283246608063711
842,-219.54054163485594,166,0.0328160498475968
843,-506.466730775858,126,0.032799641822673004
844,-55.315625093933505,213,0.03278324200176167
845,-197.84831299002462,253,0.03276685038076079
846,-159.21647727413176,113,0.03275046695557041
847,-297.1174971066186,132,0.03273409172209263
848,-238.11761979332348,97,0.03271772467623158
849,-271.50998467992514,97,0.03270136581389347
850,-374.7728223143054,101,0.032685015130986525
851,-133.3270086664237,141,0.03266867262342103
852,-482.2142303025234,104,0.032652338287109325
853,-93.56230283068159,159,0.032636012117965775
854,-145.89100301872384,172,0.032619694111906794
855,-302.1681566921167,128,0.03260338426485084
856,-99.93601111864726,213,0.03258708257271842
857,-50.26243877045349,159,0.03257078903143206
858,-397.94316347327725,224,0.032554503636916345
859,-80.55174204987858,160,0.03253822638509789
860,-317.2537698990398,133,0.03252195727190534
861,-118.88858752740022,197,0.03250569629326939
862,-236.04558441786847,155,0.03248944344512276
863,-139.6036126094857,102,0.032473198723400196
864,-128.22901674987014,152,0.0324569621240385
865,-19.960637582325035,137,0.032440733642976484
866,-222.9907092233109,172,0.032424513276155
867,-199.16385067486584,159,0.03240830101951692
868,10.57164899671021,173,0.03239209686900717
869,-65.46563301418058,161,0.032375900820572664
870,-80.91899207278807,146,0.03235971287016238
871,-260.12211351448275,171,0.0323435330137273
872,-41.97489172331619,140,0.03232736124722044
873,-330.45457538799064,215,0.03231119756659683
874,-253.88381950603844,95,0.032295041967813534
875,-246.36171528936103,140,0.03227889444682963
876,-28.670769175816844,171,0.032262754999606215
877,-112.0073197673581,189,0.03224662362210642
878,-105.16404824340283,182,0.03223050031029537
879,-154.70699423049825,189,0.032214385060140224
880,-72.35278738416794,166,0.032198277867610155
881,-407.08586395539976,115,0.032182178728676354
882,-479.20855396874515,103,0.032166087639312016
883,-55.698234273128506,135,0.03215000459549236
884,-127.21568205308141,115,0.03213392959319462
885,-155.4394879786896,118,0.03211786262839802
886,-85.7208713885911,153,0.03210180369708382
887,-84.2778438582032,137,0.03208575279523528
888,-95.49062749228179,169,0.03206970991883767
889,-350.42829171699657,158,0.032053675063878254
890,-94.43702290873448,159,0.03203764822634632
891,-180.52999028703144,169,0.032021629402233145
892,-286.48739676413857,237,0.03200561858753203
893,-367.73267232687647,105,0.031989615778238265
894,-86.56301671358764,126,0.03197362097034915
895,-197.22740632342902,133,0.031957634159863975
896,-459.5127529741325,117,0.031941655342784044
897,-108.65498530536843,102,0.03192568451511266
898,-94.49293491363552,105,0.0319097216728551
899,-354.6162003547796,221,0.03189376681201867
900,-176.53454148411853,130,0.03187781992861266
901,-111.52784430150909,144,0.031861881018648355
902,-200.28588596704873,141,0.031845950078139035
903,-234.6617374439165,130,0.03183002710309997
904,-264.23934154899666,146,0.03181411208954842
905,-172.604917302126,118,0.03179820503350365
906,-263.0318472307175,113,0.031782305930986895
907,-45.67124237948238,181,0.031766414778021404
908,-199.56533775845116,118,0.031750531570632394
909,-123.12058651160571,107,0.03173465630484708
910,-296.96694945652723,193,0.031718788976694653
911,-402.96124655604814,171,0.03170292958220631
912,-218.710591818542,119,0.03168707811741521
913,-429.1574659875291,117,0.0316712345783565
914,-158.32738186571729,101,0.031655398961067324
915,6.455368932826147,232,0.03163957126158679
916,-144.0139217972736,162,0.031623751475956
917,-132.31275895144256,159,0.03160793960021802
918,-224.61294745254668,123,0.03159213563041791
919,-426.97545457350736,202,0.0315763395626027
920,-192.0426506028516,118,0.0315605513928214
921,-78.14784551657843,133,0.03154477111712499
922,-43.77385683147821,132,0.03152899873156643
923,-54.19449089190338,162,0.03151323423220065
924,-340.8910319986469,105,0.03149747761508455
925,20.29196563142959,179,0.03148172887627701
926,-249.29296518391033,162,0.03146598801183887
927,-261.8200860075024,140,0.031450255017832954
928,-325.4437908835948,99,0.03143452989032404
929,-122.66185237084662,135,0.03141881262537888
930,-257.17562848901906,198,0.03140310321906619
931,-211.2325029863152,174,0.03138740166745666
932,-305.01890383280215,136,0.03137170796662293
933,-132.95114675158192,220,0.031356022112639624
934,-148.9234191624482,155,0.0313403441015833
935,-347.80863100936244,103,0.03132467392953251
936,-219.88611867538165,197,0.03130901159256775
937,-336.34210595484365,107,0.031293357086771466
938,-80.15222214284896,142,0.031277710408228084
939,-292.75842935374783,143,0.03126207155302397
940,-118.88343170893833,122,0.03124644051724746
941,-196.44325006002913,142,0.031230817296988837
942,27.0292180521502,180,0.031215201888340344
943,-65.37787165082098,130,0.031199594287396177
944,-215.1171304786738,154,0.03118399449025248
945,-76.68298069739281,129,0.031168402493007355
946,-314.3636499767336,184,0.031152818291760854
947,-87.51135433091845,152,0.031137241882614974
948,-87.2830705130289,173,0.031121673261673668
949,-171.1444342948742,151,0.031106112425042833
950,-142.68531810461013,117,0.031090559368830314
951,-87.92879917759986,166,0.0310750140891459
952,-184.76110316751294,169,0.031059476582101328
953,-82.0115064997263,191,0.031043946843810278
954,-390.7587817341018,105,0.031028424870388375
955,-387.4733049915042,164,0.031012910657953183
956,-91.19249787681396,156,0.03099740420262421
957,-207.01409699358203,103,0.030981905500522898
958,-483.8715923954562,128,0.030966414547772637
959,-90.22342191430562,136,0.03095093134049875
960,-102.22478754367043,148,0.030935455874828505
961,-398.7556111238701,113,0.030919988146891092
962,-197.71533112250867,146,0.030904528152817648
963,-78.27866112780426,227,0.030889075888741242
964,-56.71104101114946,122,0.030873631350796873
965,-148.85877714453906,149,0.030858194535121477
966,-231.43064401699928,196,0.030842765437853917
967,-143.21362208964166,182,0.030827344055134993
968,-371.9141103598995,106,0.03081193038310743
969,-480.9897395524226,127,0.030796524417915878
970,-376.9053779724747,116,0.030781126155706922
971,108.61623522521465,1000,0.03076573559262907
972,-183.09938324371052,202,0.030750352724832758
973,-196.8173196511156,265,0.030734977548470342
974,-161.98306200135437,200,0.030719610059696107
975,-93.01376441857776,147,0.03070425025466626
976,-467.3298804984042,105,0.030688898129538927
977,-84.872112312456,151,0.03067355368047416
978,-159.92631593287365,189,0.030658216903633923
979,-373.5875652395447,112,0.030642887795182108
980,-313.6774660603178,200,0.030627566351284517
981,-358.5991633499081,115,0.030612252568108875
982,-219.59953687936377,148,0.030596946441824823
983,-111.72754890131039,175,0.030581647968603912
984,-186.9372011436463,167,0.030566357144619614
985,-165.45473878922542,155,0.030551073966047306
986,-135.46880501051385,132,0.030535798429064284
987,-139.98278140093115,153,0.03052053052984975
988,-148.8685880061447,149,0.030505270264584827
989,-183.31017636402728,116,0.030490017629452536
990,-515.7052678941453,106,0.030474772620637813
991,-121.05705449702005,178,0.030459535234327494
992,-210.5520373797439,136,0.03044430546671033
993,-177.6421685241511,254,0.03042908331397698
994,-350.1606426607508,176,0.030413868772319993
995,-94.25866611697715,137,0.030398661837933834
996,-326.93036523474126,203,0.030383462507014868
997,-224.14084500308016,210,0.03036827077576136
998,-316.80862514259854,187,0.03035308664037348
999,-448.8962234843711,100,0.030337910097053295
1000,-70.73088418784656,152,0.03032274114200477
1001,-312.2541314044205,169,0.03030757977143377
1002,-242.4067674260818,223,0.030292425981548052
1003,-164.05294450110955,141,0.03027727976855728
1004,-50.672829770605176,141,0.030262141128673006
1005,-268.0346255623425,193,0.030247010058108672
1006,38.28515679429108,173,0.03023188655307962
1007,-336.2862164749629,92,0.03021677060980308
1008,-383.71268021977215,198,0.03020166222449818
1009,-94.64608161130363,149,0.030186561393385932
1010,-237.24931501593338,96,0.03017146811268924
1011,-135.25068883533243,230,0.0301563823786329
1012,-276.10458068093675,168,0.030141304187443582
1013,-248.1903941281162,135,0.03012623353534986
1014,-107.4173882059669,234,0.030111170418582186
1015,-201.66770151687297,107,0.030096114833372895
1016,-467.4794814416211,97,0.03008106677595621
1017,9.512344278898155,149,0.030066026242568232
1018,-151.86223259944072,109,0.03005099322944695
1019,-51.91889952840105,149,0.030035967732832226
1020,-244.42049556063282,121,0.03002094974896581
1021,-282.20524444804323,208,0.03000593927409133
1022,-94.09634118433613,116,0.029990936304454284
1023,-49.860818336253914,233,0.02997594083630206
1024,18.561397696414772,153,0.02996095286588391
1025,-85.4163412314632,183,0.02994597238945097
1026,-54.33530581388259,105,0.029930999403256244
1027,-422.1418892064705,132,0.029916033903554618
1028,-206.94107531667186,151,0.029901075886602842
1029,-87.10266993279419,117,0.02988612534865954
1030,-71.40853931354596,136,0.029871182285985214
1031,-228.98484839506588,161,0.029856246694842225
1032,-216.01975012966793,167,0.029841318571494805
1033,-195.30596161367004,155,0.02982639791220906
1034,-257.2608496112173,137,0.029811484713252956
1035,-125.10291317868496,143,0.029796578970896333
1036,-459.3082309658793,103,0.029781680681410887
1037,-308.4318619027389,144,0.029766789841070184
1038,-221.47115566646195,170,0.02975190644614965
1039,-226.13270466917922,154,0.029737030492926576
1040,-104.5631192833707,151,0.029722161977680114
1041,-187.74576517046296,130,0.029707300896691276
1042,-170.20372587401556,143,0.029692447246242933
1043,-124.31540166654318,130,0.029677601022619814
1044,-114.9867325221392,213,0.029662762222108504
1045,-186.81464794892838,198,0.02964793084099745
1046,-155.77030661445352,150,0.029633106875576954
1047,-43.297972036146895,118,0.029618290322139168
1048,-346.53421486598677,105,0.0296034811769781
1049,-69.22297954802261,140,0.02958867943638961
1050,-353.0602786145067,149,0.02957388509667142
1051,-211.66550848425214,161,0.029559098154123085
1052,-182.7603708367753,138,0.029544318605046024
1053,-307.69500067137795,114,0.0295295464457435
1054,-254.70221150510505,132,0.02951478167252063
1055,-402.8255469051786,107,0.02950002428168437
1056,-164.98322933264183,174,0.02948527426954353
1057,-457.8996271641448,129,0.02947053163240876
1058,-205.1418510425874,150,0.029455796366592554
1059,-45.7206348224571,140,0.02944106846840926
1060,-116.40445520619383,163,0.02942634793417506
1061,-196.02102494857883,194,0.029411634760207972
1062,-99.5549924513536,140,0.02939692894282787
1063,-150.47154462621938,128,0.029382230478356457
1064,-317.4493364010382,113,0.02936753936311728
1065,-528.3100321014831,111,0.029352855593435725
1066,-535.5631652591326,113,0.02933817916563901
1067,-195.15141876943784,231,0.02932351007605619
1068,-112.8144547257524,122,0.029308848321018162
1069,-194.2292859122744,132,0.029294193896857654
1070,-52.5885396668848,151,0.029279546799909226
1071,-279.50007174627945,111,0.029264907026509274
1072,-187.5376156873986,127,0.029250274572996022
1073,-49.6995752889505,145,0.029235649435709526
1074,-109.74917692043836,111,0.029221031610991672
1075,-526.4272688505589,164,0.029206421095186178
1076,-143.23458435402898,131,0.029191817884638586
1077,-523.8822693399701,215,0.02917722197569627
1078,-214.67837741909233,221,0.029162633364708423
1079,-90.09050844408505,135,0.02914805204802607
1080,-158.79577866091108,91,0.029133478022002057
1081,-345.31100104615075,95,0.02911891128299106
1082,-250.51894890665733,185,0.029104351827349564
1083,-515.2300473336986,157,0.02908979965143589
1084,-102.36756699099921,289,0.029075254751610175
1085,-227.85690991689967,148,0.029060717124234373
1086,-193.05675588340205,178,0.029046186765672256
1087,-73.49900344741361,140,0.02903166367228942
1088,-278.1772628849469,172,0.029017147840453276
1089,-69.74869915258006,140,0.029002639266533053
1090,-286.12585708948404,318,0.02898813794689979
1091,-157.72056042397202,244,0.02897364387792634
1092,-114.59731989708736,137,0.028959157055987377
1093,-101.00636072082513,141,0.028944677477459387
1094,-77.20140430806828,147,0.028930205138720657
1095,-620.3098206520344,103,0.0289157400361513
1096,-68.59540140601614,139,0.028901282166133226
1097,-70.73119507512239,184,0.02888683152505016
1098,-332.06828530089444,163,0.028872388109287637
1099,-379.3195392672804,107,0.028857951915232993
1100,-352.2043890476666,87,0.02884352293927538
1101,-33.490180017121645,176,0.028829101177805745
1102,-504.2551120484915,159,0.028814686627216844
1103,-221.15980397453674,115,0.028800279283903236
1104,-376.5839765801984,118,0.028785879144261287
1105,24.34791422526807,180,0.028771486204689157
1106,-227.49640750946915,109,0.028757100461586815
1107,-284.4199669987705,104,0.028742721911356024
1108,-243.20030389995043,134,0.028728350550400347
1109,-343.6885351631584,193,0.028713986375125147
1110,-643.5717182302706,102,0.028699629381937587
1111,-156.05158768262947,179,0.02868527956724662
1112,-54.76864894842481,98,0.028670936927462996
1113,-127.78230607697238,241,0.028656601458999266
1114,-59.04230290593321,164,0.028642273158269768
1115,-229.70294123517394,161,0.028627952021690634
1116,-259.4852531197265,243,0.02861363804567979
1117,5.433612426852264,147,0.028599331226656952
1118,-175.65747713604472,157,0.028585031561043625
1119,-191.92749483800802,134,0.028570739045263104
1120,-99.67622771791957,223,0.028556453675740473
1121,-358.670727660975,212,0.028542175448902606
1122,-228.39632319657073,166,0.028527904361178157
1123,-122.87762693184766,186,0.02851364040899757
1124,-31.513370925472728,222,0.02849938358879307
1125,-238.0112509888477,108,0.028485133896998676
1126,-98.00200843871785,125,0.02847089133005018
1127,-481.2012520079512,114,0.028456655884385156
1128,-155.79999888200126,204,0.028442427556442964
1129,-279.04040369256705,114,0.028428206342664745
1130,13.056825491458767,194,0.028413992239493414
1131,-379.063336013698,225,0.02839978524337367
1132,-100.73649397226458,236,0.028385585350751984
1133,-81.29369755902265,125,0.02837139255807661
1134,-295.64728778741267,145,0.028357206861797574
1135,-357.98541874188845,214,0.028343028258366678
1136,-152.78417490335605,138,0.028328856744237498
1137,-255.43734611399,224,0.02831469231586538
1138,-214.29557902410664,111,0.028300534969707452
1139,-24.675490013627524,118,0.0282863847022226
1140,-131.12124878747687,133,0.028272241509871492
1141,-188.6571257738973,143,0.028258105389116557
1142,-353.15226234961506,105,0.028243976336422002
1143,-389.8637417995512,92,0.028229854348253793
1144,-247.22278399814869,124,0.028215739421079668
1145,-202.73718512787983,175,0.02820163155136913
1146,-69.73639240122205,146,0.028187530735593446
1147,-242.3181391540865,184,0.02817343697022565
1148,-160.21244863493783,173,0.028159350251740538
1149,-554.2776357710815,110,0.02814527057661467
1150,-475.1077004553649,98,0.028131197941326364
1151,82.47162398762866,1000,0.028117132342355702
1152,-89.92036824219535,142,0.028103073776184526
1153,-98.32999959097677,119,0.028089022239296435
1154,-143.77592983096494,126,0.028074977728176787
1155,-496.3427028815807,230,0.0280609402393127
1156,-62.74478905763176,129,0.028046909769193048
1157,-12.010544730586133,184,0.028032886314308454
1158,-295.164667124881,101,0.028018869871151302
1159,-332.6358895214808,165,0.02800486043621573
1160,-270.5847587285789,216,0.027990858005997623
1161,-83.73492402752643,135,0.027976862576994627
1162,-43.78059662559341,129,0.02796287414570613
1163,-326.8961515124855,141,0.02794889270863328
1164,-321.6155434691732,108,0.027934918262278965
1165,-70.70516357592425,117,0.027920950803147826
1166,-328.732281025386,97,0.027906990327746253
1167,-189.4073715828511,143,0.02789303683258238
1168,-137.2997526544113,213,0.02787909031416609
1169,-154.77738877244727,146,0.02786515076900901
1170,-201.99969402560447,149,0.02785121819362451
1171,-332.308322139167,111,0.0278372925845277
1172,-271.1931352731772,143,0.02782337393823544
1173,-157.84839942968767,177,0.027809462251266324
1174,-87.52716697764984,136,0.027795557520140693
1175,-387.85325483768946,230,0.027781659741380624
1176,-101.72318501905683,110,0.027767768911509935
1177,-413.9418087271347,99,0.02775388502705418
1178,-164.20140147907117,136,0.027740008084540656
1179,-153.28111848893428,138,0.027726138080498387
1180,-73.27490302383539,130,0.027712275011458138
1181,-365.3640798836484,222,0.02769841887395241
1182,-283.1642778787718,165,0.027684569664515435
1183,-234.40482602345634,219,0.02767072737968318
1184,-244.22570122730775,133,0.02765689201599334
1185,-86.72209269598022,118,0.027643063569985346
1186,-196.66468579891432,173,0.027629242038200354
1187,-64.90697661361806,111,0.027615427417181256
1188,-245.1671761269757,219,0.027601619703472666
1189,-234.12315042808484,132,0.02758781889362093
1190,-153.87394696508227,172,0.027574024984174123
1191,-292.9319562796144,124,0.027560237971682038
1192,-129.31793526186854,122,0.027546457852696198
1193,-70.20079210866169,83,0.02753268462376985
1194,-280.8134560827848,199,0.027518918281457968
1195,-82.26932175465619,174,0.02750515882231724
1196,-370.3436146931359,215,0.027491406242906084
1197,-417.66227869202754,107,0.02747766053978463
1198,-199.22086139603874,143,0.02746392170951474
1199,-286.7274628357965,239,0.027450189748659985
1200,-224.1677554047555,125,0.027436464653785655
1201,-124.7772974408798,140,0.027422746421458765
1202,-129.33973010244443,256,0.027409035048248036
1203,-255.20385503437072,164,0.02739533053072391
1204,-179.98921286760594,119,0.02738163286545855
1205,-53.88668826390484,172,0.027367942049025824
1206,-347.32286353345523,145,0.027354258078001313
1207,-161.76201827243545,186,0.027340580948962315
1208,-84.91657785842582,163,0.027326910658487837
1209,-483.7717777050572,110,0.027313247203158593
1210,-233.94593985489576,192,0.027299590579557016
1211,-585.747677253926,109,0.02728594078426724
1212,-222.52295468237486,103,0.027272297813875107
1213,-166.320054193004,91,0.02725866166496817
1214,-333.1593325728212,90,0.027245032334135687
1215,-392.3223407331574,109,0.02723140981796862
1216,-87.60634942868079,148,0.027217794113059638
1217,-292.82103541254844,147,0.02720418521600311
1218,-162.1228854052628,89,0.02719058312339511
1219,-457.32095162441436,214,0.027176987831833414
1220,-210.7971485788346,128,0.0271633993379175
1221,-212.6020084272182,227,0.027149817638248544
1222,-57.582221568309876,134,0.02713624272942942
1223,-336.2640648450568,128,0.02712267460806471
1224,-309.6820747031867,194,0.02710911327076068
1225,-256.2365039438272,166,0.0270955587141253
1226,-173.86069391084203,198,0.02708201093476824
1227,-315.54415481735896,209,0.027068469929300856
1228,-448.66177766558263,105,0.02705493569433621
1229,-260.70745415735496,144,0.027041408226489042
1230,-210.35537560033572,161,0.0270278875223758
1231,-106.29866140127403,142,0.027014373578614612
1232,-197.03158714174236,122,0.027000866391825307
1233,-85.80813091795063,141,0.026987365958629394
1234,-171.23594164696095,115,0.026973872275650082
1235,-452.6728906858157,137,0.02696038533951226
1236,-145.5766231985691,162,0.026946905146842504
1237,-55.54080328094325,135,0.026933431694269084
1238,-280.2989513253393,218,0.026919964978421952
1239,-190.77384529385444,133,0.026906504995932744
1240,-219.01507605240096,127,0.02689305174343478
1241,-213.84685005106815,105,0.026879605217563066
1242,-44.45298066483612,133,0.026866165414954287
1243,-239.37419840923855,181,0.02685273233224681
1244,-129.10534138689263,113,0.02683930596608069
1245,-198.22152321126111,120,0.02682588631309765
1246,-353.6207366411116,249,0.026812473369941102
1247,-160.46415784131665,128,0.02679906713325613
1248,-212.42576262451672,114,0.026785667599689506
1249,-231.4190662183228,109,0.026772274765889663
1250,-252.9767647554116,170,0.02675888862850672
1251,-309.5869479470772,264,0.026745509184192467
1252,-211.59723362562463,163,0.026732136429600373
1253,-330.2467777528418,134,0.026718770361385574
1254,-108.99902384893004,128,0.026705410976204883
1255,-372.9995627300103,101,0.026692058270716783
1256,-291.7966237622122,144,0.026678712241581425
1257,-232.66935445589283,136,0.026665372885460635
1258,-100.13706650734844,209,0.026652040199017905
1259,-201.02389617650698,101,0.0266387141789184
1260,-242.4172999093377,127,0.026625394821828942
1261,-293.72833222582,235,0.02661208212441803
1262,-181.65956735459025,239,0.026598776083355823
1263,-323.0342964660685,147,0.026585476695314147
1264,-231.74431392952425,105,0.02657218395696649
1265,9.530735894154148,194,0.02655889786498801
1266,-97.84520871796376,129,0.026545618416055516
1267,-35.414645159536235,160,0.02653234560684749
1268,-278.8218885627292,200,0.02651907943404407
1269,-116.59911972269742,229,0.02650581989432705
1270,-238.25644565319416,98,0.02649256698437989
1271,-45.049410070561926,128,0.0264793207008877
1272,-194.7122819478406,135,0.026466081040537257
1273,-546.4869919792516,95,0.02645284800001699
1274,-141.93107192807167,200,0.026439621576016984
1275,-350.4564265340026,109,0.026426401765228976
1276,-316.55156100402735,279,0.026413188564346362
1277,-267.87473163193437,155,0.02639998197006419
1278,-105.06386807728441,125,0.02638678197907916
1279,-77.99479721180244,103,0.026373588588089622
1280,26.49799515202939,163,0.02636040179379558
1281,-104.39393830153037,135,0.026347221592898682
1282,-299.87845411935007,181,0.026334047982102236
1283,-135.58921506466663,210,0.026320880958111185
1284,-180.55836984806848,149,0.02630772051763213
1285,-213.28581236870252,152,0.026294566657373317
1286,-251.27608935830983,165,0.026281419374044632
1287,-341.57082660384606,193,0.026268278664357613
1288,-128.06135329161182,201,0.026255144525025437
1289,-139.690049742342,188,0.026242016952762928
1290,-346.836556698605,138,0.026228895944286547
1291,-136.43603423736195,262,0.026215781496314407
1292,-69.07315642004613,254,0.026202673605566253
1293,-65.22639955836804,124,0.02618957226876347
1294,-242.71379469727995,131,0.02617647748262909
1295,-137.26068167195177,147,0.026163389243887777
1296,-13.051824488000008,142,0.026150307549265835
1297,-257.0951629325061,148,0.026137232395491202
1298,-118.04398475018533,232,0.02612416377929346
1299,-251.9461756090464,201,0.026111101697403813
1300,-72.67995780280744,330,0.02609804614655511
1301,-119.63044036345734,128,0.026084997123481835
1302,-207.23315719776846,156,0.026071954624920096
1303,-69.15722975080467,153,0.026058918647607638
1304,-55.06417755553457,119,0.026045889188283836
1305,-311.2403643099277,179,0.026032866243689695
1306,-342.00929351426794,225,0.02601984981056785
1307,-89.76345886419355,126,0.026006839885662568
1308,-278.2930903721694,200,0.025993836465719736
1309,-59.550720390288554,218,0.025980839547486877
1310,-51.65648126045977,146,0.025967849127713136
1311,-413.93177072971815,189,0.025954865203149283
1312,-251.81799399235575,87,0.02594188777054771
1313,-139.59516314440182,138,0.025928916826662436
1314,-286.34717625920814,164,0.025915952368249107
1315,-295.6150261749169,166,0.025902994392064983
1316,-206.72911025692036,212,0.025890042894868952
1317,-290.03432965472416,286,0.025877097873421517
1318,-150.4847329994925,115,0.025864159324484808
1319,-623.5361374144504,106,0.025851227244822566
1320,-416.10636349220164,106,0.025838301631200156
1321,-211.00188618425085,131,0.025825382480384556
1322,-227.91710816899817,155,0.025812469789144366
1323,-152.18581449256115,204,0.025799563554249796
1324,33.56274439745144,173,0.025786663772472674
1325,-169.60878036667123,149,0.02577377044058644
1326,-298.34316617683953,130,0.025760883555366147
1327,-122.20303159844205,233,0.025748003113588467
1328,-210.7297987191199,185,0.025735129112031675
1329,-306.97625299019523,157,0.025722261547475662
1330,-153.25583640577423,188,0.025709400416701927
1331,-264.7601955499565,131,0.025696545716493577
1332,-97.57680615494702,111,0.02568369744363533
1333,-44.139279251939286,144,0.025670855594913517
1334,-97.8349580545237,194,0.02565802016711606
1335,-195.67086282055647,163,0.025645191157032503
1336,-472.08151790171786,153,0.025632368561453987
1337,-175.29246328926268,132,0.02561955237717326
1338,-108.11628553832733,199,0.025606742600984677
1339,-156.46887157918005,139,0.025593939229684184
1340,-280.46479274705666,149,0.025581142260069342
1341,-301.0800546222248,101,0.025568351688939308
1342,-174.92817145598337,176,0.02555556751309484
1343,-70.0677314107075,226,0.025542789729338294
1344,-118.1708172193198,184,0.025530018334473627
1345,-57.33843290070277,152,0.025517253325306393
1346,-320.0402258789239,104,0.025504494698643743
1347,-191.26003900661206,117,0.025491742451294423
1348,-106.57491019393989,169,0.025478996580068778
1349,-349.5743331385113,162,0.025466257081778746
1350,-54.05291516054784,131,0.02545352395323786
1351,-217.49921270054824,162,0.02544079719126124
1352,-253.62300634053884,150,0.02542807679266561
1353,-65.42101835985174,191,0.02541536275426928
1354,-52.766325483186144,115,0.025402655072892147
1355,-352.09187702323703,216,0.0253899537453557
1356,-360.787222939676,111,0.025377258768483024
1357,-9.693050536122314,118,0.025364570139098784
1358,-79.07055756756182,138,0.025351887854029236
1359,-249.67717207235296,130,0.025339211910102223
1360,-229.02748709393796,159,0.025326542304147173
1361,-164.67326321276863,206,0.0253138790329951
1362,-75.97514454777438,114,0.025301222093478605
1363,-267.0126489959056,131,0.025288571482431868
1364,-91.79343761653398,152,0.025275927196690653
1365,-56.5961769754016,118,0.02526328923309231
1366,-183.18576980411132,186,0.025250657588475767
1367,-203.5463229015773,142,0.02523803225968153
1368,-238.51725367384606,178,0.02522541324355169
1369,59.87542498632507,172,0.025212800536929918
1370,-99.49555518487692,108,0.025200194136661455
1371,-391.2578754132902,120,0.025187594039593125
1372,-108.34849502316494,198,0.02517500024257333
1373,-161.953049726912,115,0.025162412742452043
1374,-182.61947924784448,145,0.02514983153608082
1375,-111.92639171898875,112,0.02513725662031278
1376,-54.049322369081956,119,0.025124687992002626
1377,-114.38804679501399,130,0.025112125648006627
1378,-345.0883704887055,143,0.025099569585182623
1379,-200.27370320989542,131,0.025087019800390034
1380,-373.40478639796396,104,0.02507447629048984
1381,-285.70820793494886,218,0.025061939052344596
1382,-162.27741355741784,113,0.025049408082818424
1383,-67.20282349145293,285,0.025036883378777016
1384,-253.48311660473175,102,0.02502436493708763
1385,-361.8255925880258,143,0.025011852754619087
1386,-73.38967585542444,79,0.02499934682824178
1387,-94.80577552417361,208,0.02498684715482766
1388,-242.2615713791643,224,0.02497435373125025
1389,-50.07113748490005,181,0.024961866554384624
1390,-208.641741169214,166,0.024949385621107434
1391,-186.1738398484121,127,0.02493691092829688
1392,-197.34248966961854,136,0.024924442472832733
1393,-154.71686367315954,112,0.024911980251596317
1394,-108.84981504958601,229,0.02489952426147052
1395,-222.62870061810847,212,0.024887074499339787
1396,-358.821514702846,195,0.024874630962090118
1397,-277.6628950846883,176,0.024862193646609073
1398,-257.1490260895051,241,0.02484976254978577
1399,-8.15475645777147,146,0.02483733766851088
1400,-82.09397022059446,267,0.024824918999676624
1401,-304.4392488598892,205,0.024812506540176787
1402,-80.6616338405285,133,0.0248001002869067
1403,-328.80576968320713,177,0.024787700236763247
1404,-126.01254721303346,201,0.024775306386644866
1405,-177.5809823484069,210,0.024762918733451544
1406,-305.3699672399489,161,0.02475053727408482
1407,-106.22095802815932,188,0.02473816200544778
1408,-129.80059231903985,222,0.024725792924445055
1409,-517.9885461372513,171,0.024713430027982833
1410,-469.9376588589877,112,0.024701073312968842
1411,-155.06090659627924,155,0.024688722776312358
1412,-97.31776667494572,120,0.0246763784149242
1413,-107.58738856608109,266,0.024664040225716742
1414,-64.7972804975941,145,0.024651708205603886
1415,-193.53693426382586,98,0.024639382351501087
1416,-131.58832061940888,153,0.024627062660325338
1417,-117.95235374313556,177,0.024614749128995177
1418,-122.97214719931104,199,0.02460244175443068
1419,-107.46916351860388,188,0.024590140533553465
1420,-38.156953406188634,152,0.02457784546328669
1421,-267.74169039031034,223,0.02456555654055505
1422,-6.558851789848163,208,0.024553273762284774
1423,-84.24570570649486,130,0.024540997125403634
1424,-69.2810623599356,129,0.024528726626840934
1425,-326.3673874106716,225,0.024516462263527515
1426,-222.3156816163446,177,0.02450420403239575
1427,-110.99510032585253,210,0.024491951930379556
1428,-359.1577664086208,96,0.024479705954414368
1429,-495.69025674274775,233,0.02446746610143716
1430,-181.29761259472167,201,0.024455232368386443
1431,-352.73876206496635,230,0.024443004752202253
1432,-64.94707924028513,164,0.024430783249826154
1433,-201.47282410885595,114,0.02441856785820124
1434,-38.072779619233614,128,0.024406358574272143
1435,-254.66902194262383,256,0.024394155394985007
1436,-271.9873673798703,130,0.024381958317287514
1437,-268.9502932114484,177,0.024369767338128873
1438,-103.70670778857664,128,0.02435758245445981
1439,-335.0788507973929,158,0.02434540366323258
1440,-232.825643118652,189,0.024333230961400967
1441,-43.744121751414326,131,0.024321064345920268
1442,-181.3207017409311,263,0.02430890381374731
1443,-97.02973433446124,300,0.024296749361840436
1444,-62.329980088023994,138,0.024284600987159517
1445,-32.98930849989266,137,0.02427245868666594
1446,-70.46610161205466,83,0.024260322457322608
1447,-287.18735653282647,181,0.024248192296093946
1448,-215.55282200922386,93,0.0242360681999459
1449,-202.904431586795,182,0.02422395016584593
1450,-180.3751813997547,153,0.024211838190763006
1451,-493.8246635896574,139,0.024199732271667624
1452,-205.05341733400695,174,0.024187632405531793
1453,-44.902152909065606,127,0.02417553858932903
1454,-34.28151160987785,172,0.024163450820034366
1455,-159.7866641011173,162,0.02415136909462435
1456,-159.27037953252682,165,0.024139293410077037
1457,-257.82196674354384,122,0.024127223763372
1458,-105.68454772082974,210,0.024115160151490317
1459,-379.2650480674988,158,0.024103102571414573
1460,-288.1933913552064,143,0.024091051020128866
1461,-227.81344296329823,165,0.0240790054946188
1462,-318.5846230584037,193,0.024066965991871494
1463,-124.5123657218659,120,0.02405493250887556
1464,-152.55624548554664,141,0.024042905042621125
1465,-259.8392103171483,152,0.024030883590099816
1466,-30.461801553253864,182,0.024018868148304767
1467,-126.23601622080936,262,0.024006858714230615
1468,-273.2287774776821,219,0.023994855284873502
1469,-327.4133950662159,114,0.023982857857231067
1470,-434.3824122651411,151,0.023970866428302453
1471,-75.23835706976007,154,0.023958880995088302
1472,-311.41437078212243,177,0.02394690155459076
1473,-198.36460964010507,155,0.023934928103813466
1474,-391.09047186018586,169,0.02392296063976156
1475,-227.38995265295915,227,0.02391099915944168
1476,-365.3258863235439,182,0.023899043659861962
1477,-202.78301410138997,164,0.02388709413803203
1478,-140.7931639462139,126,0.023875150590963016
1479,-476.4861515410583,230,0.023863213015667534
1480,-217.68499623644655,172,0.0238512814091597
1481,-228.0567371967249,214,0.023839355768455122
1482,-181.42452777504727,212,0.023827436090570895
1483,-142.82705611634128,118,0.02381552237252561
1484,-198.89298531649843,163,0.023803614611339348
1485,-200.71930008406264,219,0.02379171280403368
1486,-499.49862021948763,273,0.023779816947631663
1487,-146.8414048394507,197,0.02376792703915785
1488,-138.10277129948858,161,0.02375604307563827
1489,-188.842249751454,156,0.023744165054100454
1490,-70.15534477321229,112,0.023732292971573407
1491,-108.39207551371265,126,0.023720426825087623
1492,-399.7388807520757,167,0.02370856661167508
1493,-193.26901506117702,163,0.023696712328369243
1494,-256.16160299577626,236,0.02368486397220506
1495,-217.00353501838805,180,0.02367302154021896
1496,-80.30778206970464,162,0.02366118502944885
1497,-329.56488121875384,256,0.02364935443693413
1498,-310.0253585031061,218,0.023637529759715663
1499,-230.35138263341108,138,0.023625710994835805
1500,-286.0842049551288,156,0.02361389813933839
1501,-261.42333023579795,179,0.023602091190268723
1502,-312.6717743001236,195,0.02359029014467359
1503,-133.41538245629107,194,0.023578494999601254
1504,-430.6078159882382,144,0.023566705752101454
1505,-345.68332024346233,164,0.023554922399225405
1506,-35.561118282748694,165,0.023543144938025794
1507,-231.07563580872355,275,0.023531373365556784
1508,-121.38803671113564,95,0.023519607678874007
1509,-455.4703042463331,191,0.02350784787503457
1510,-234.14531162634597,221,0.023496093951097054
1511,-160.41189393220475,233,0.023484345904121507
1512,-164.60134130532145,229,0.023472603731169446
1513,-528.2657423748756,244,0.023460867429303863
1514,-73.59951983358044,198,0.023449136995589214
1515,-254.04657119494811,193,0.023437412427091422
1516,-88.61127068112332,158,0.02342569372087788
1517,-74.60373463774764,132,0.023413980874017443
1518,-97.61121937024684,121,0.023402273883580436
1519,-260.89339633528976,254,0.023390572746638645
1520,-98.57387483241592,202,0.02337887746026533
1521,-291.82551601672134,149,0.023367188021535198
1522,-157.05436351842852,274,0.02335550442752443
1523,-370.0989294148665,103,0.02334382667531067
1524,-74.07113907162909,148,0.023332154761973017
1525,8.874724644764413,133,0.023320488684592033
1526,53.114321833543364,1000,0.02330882844024974
1527,-404.1366899809903,110,0.023297174026029616
1528,-261.25646329850014,213,0.023285525439016602
1529,-217.79382308151585,136,0.023273882676297094
1530,-253.7409530098881,153,0.023262245734958945
1531,-114.96042936632821,237,0.023250614612091467
1532,-330.6104538440384,165,0.023238989304785424
1533,-400.8757560679079,261,0.02322736981013303
1534,-54.8062842598671,247,0.023215756125227967
1535,-68.74645525348774,246,0.023204148247165355
1536,-66.29766288353883,108,0.023192546173041773
1537,-234.5854390841029,252,0.023180949899955252
1538,-174.6234537198904,151,0.023169359425005275
1539,-106.70364529648577,127,0.023157774745292774
1540,-287.8291624521678,165,0.02314619585792013
1541,-107.72578681716836,79,0.02313462275999117
1542,-83.39290649296451,249,0.023123055448611176
1543,-217.53046087240728,180,0.02311149392088687
1544,-118.75183688404364,78,0.02309993817392643
1545,-26.410407348642735,123,0.023088388204839466
1546,-120.56833253221748,137,0.02307684401073705
1547,-24.291369683054114,211,0.023065305588731683
1548,-166.04902925886717,99,0.023053772935937317
1549,-157.59638618286982,178,0.02304224604946935
1550,-454.7898771759695,132,0.023030724926444618
1551,-44.71087636004539,119,0.023019209563981395
1552,-143.49950035600003,201,0.023007699959199407
1553,-357.6895869861384,191,0.022996196109219807
1554,-67.78351628106954,126,0.0229846980111652
1555,-167.27170230740515,189,0.02297320566215962
1556,-49.08789987996589,166,0.02296171905932854
1557,-282.3742268466525,158,0.022950238199798877
1558,-200.0348622947987,154,0.02293876308069898
1559,-91.19286441967628,200,0.02292729369915863
1560,-66.49421416121794,134,0.022915830052309055
1561,-127.93360075663334,217,0.0229043721372829
1562,-69.80978572837583,150,0.022892919951214258
1563,-255.44999569265138,108,0.022881473491238653
1564,-619.5576910819116,116,0.022870032754493036
1565,-180.2427015127906,149,0.022858597738115792
1566,-111.8886576021678,117,0.022847168439246734
1567,-28.754633006983894,182,0.022835744855027113
1568,-203.56675127538415,155,0.0228243269825996
1569,-300.3092658052991,230,0.022812914819108302
1570,-272.18231474155596,171,0.02280150836169875
1571,-68.14512680650708,164,0.0227901076075179
1572,-302.84624021514753,194,0.022778712553714144
1573,-50.53546588159924,105,0.022767323197437288
1574,-18.87891750571511,120,0.02275593953583857
1575,-104.8438070210344,150,0.022744561566070652
1576,-375.5909342567986,273,0.022733189285287617
1577,-354.04452188172047,113,0.022721822690644974
1578,-48.37697381430678,130,0.022710461779299654
1579,-270.62677401875646,158,0.022699106548410005
1580,-32.00187452786734,179,0.0226877569951358
1581,-36.20828061607709,121,0.022676413116638233
1582,-398.40901093977845,191,0.022665074910079915
1583,-298.61030497338913,271,0.022653742372624876
1584,-224.81825573129612,161,0.022642415501438567
1585,-254.8333238883347,167,0.02263109429368785
1586,-208.63704603943867,160,0.022619778746541006
1587,-106.77465150103251,221,0.022608468857167736
1588,-293.57034909283357,197,0.022597164622739155
1589,-261.49099049786366,196,0.022585866040427786
1590,-51.75751814141104,140,0.022574573107407573
1591,-112.36786637726335,260,0.02256328582085387
1592,-289.0595099954028,87,0.022552004177943445
1593,-140.12891715704419,117,0.022540728175854476
1594,-337.6989389093602,174,0.02252945781176655
1595,-126.18679415370308,217,0.02251819308286067
1596,-289.41391015391946,234,0.022506933986319238
1597,-247.55741759986591,100,0.02249568051932608
1598,-254.9365425490268,174,0.022484432679066416
1599,-367.64728922459943,110,0.022473190462726885
1600,-269.4671071675384,237,0.022461953867495523
1601,-134.05264318260726,351,0.022450722890561776
1602,-108.9526557532651,117,0.022439497529116496
1603,-273.0631444406197,152,0.02242827778035194
1604,-26.649425327963144,135,0.022417063641461763
1605,-195.2282628725887,275,0.022405855109641035
1606,-0.1888747059456506,143,0.022394652182086215
1607,-182.67746648327767,117,0.022383454855995175
1608,-260.28262642399454,278,0.022372263128567178
1609,19.439154607467046,180,0.022361076997002894
1610,-262.00015914227504,160,0.022349896458504395
1611,-224.10697419736144,339,0.022338721510275144
1612,-110.15021524748893,194,0.022327552149520008
1613,-26.106937287857505,161,0.02231638837344525
1614,-49.230628699509275,126,0.022305230179258527
1615,-36.99525607159855,100,0.022294077564168898
1616,-268.29904627247004,210,0.022282930525386813
1617,-43.75417660356817,155,0.02227178906012412
1618,-71.17479670967376,226,0.02226065316559406
1619,-186.8894275628012,218,0.022249522839011264
1620,-26.594394243868024,234,0.02223839807759176
1621,-312.5250952126074,103,0.022227278878552963
1622,-60.55645467017076,154,0.022216165239113687
1623,-233.48855872493328,221,0.02220505715649413
1624,-47.55300479567373,337,0.022193954627915884
1625,-56.66836945133609,232,0.022182857650601927
1626,-418.6765614383768,127,0.022171766221776627
1627,-91.93574805009396,190,0.02216068033866574
1628,-191.3548377646104,139,0.02214959999849641
1629,-158.92297014175205,190,0.022138525198497162
1630,-303.3191011123097,151,0.022127455935897915
1631,-277.8823717229063,204,0.022116392207929967
1632,-113.59627118507444,164,0.022105334011826003
1633,-229.79589505109553,192,0.02209428134482009
1634,-336.19758815333853,191,0.02208323420414768
1635,-128.65006420861698,189,0.022072192587045607
1636,-88.84027423041984,180,0.022061156490752087
1637,-36.28243293004118,152,0.022050125912506713
1638,-98.84797702056474,244,0.02203910084955046
1639,-334.18544224128266,139,0.022028081299125687
1640,-390.3110035649553,275,0.022017067258476127
1641,-82.13490766872755,214,0.02200605872484689
1642,-276.6609429448805,168,0.021995055695484468
1643,-263.22742283190246,163,0.021984058167636728
1644,-14.318637008231661,154,0.02197306613855291
1645,-188.0756483155135,167,0.021962079605483638
1646,-44.541180669774775,183,0.021951098565680897
1647,-48.950733402482214,187,0.02194012301639806
1648,-380.1021862378535,121,0.021929152954889862
1649,-68.37712033803791,209,0.021918188378412418
1650,-132.27667466190286,177,0.02190722928422321
1651,-223.2713692133563,165,0.021896275669581102
1652,-250.8692723361863,159,0.021885327531746313
1653,-72.64529530728564,125,0.02187438486798044
1654,-327.5158232166772,169,0.021863447675546453
1655,-65.92399883638993,125,0.02185251595170868
1656,-208.69275351140612,190,0.021841589693732826
1657,-185.915650205999,197,0.02183066889888596
1658,-109.46468396616768,238,0.02181975356443652
1659,-37.313113837561076,203,0.021808843687654303
1660,-60.743615363681464,130,0.021797939265810477
1661,-316.1289137281539,111,0.021787040296177573
1662,-96.4931461739394,180,0.021776146776029483
1663,-276.4802620056186,310,0.02176525870264147
1664,-165.09155005669408,342,0.02175437607329015
1665,-9.47159084302487,143,0.021743498885253506
1666,-76.20343314063123,128,0.02173262713581088
1667,-29.933566783681044,172,0.021721760822242978
1668,-316.1584844131404,156,0.021710899941831858
1669,-49.0263433015916,142,0.021700044491860943
1670,-338.7302335537862,268,0.021689194469615012
1671,-298.250309726988,167,0.021678349872380206
1672,-74.31723746158599,182,0.021667510697444017
1673,-347.04987812827545,252,0.021656676942095297
1674,-103.44062808984431,211,0.02164584860362425
1675,-443.79317241945387,112,0.02163502567932244
1676,-106.92493779458732,171,0.02162420816648278
1677,-302.8873402647123,218,0.02161339606239954
1678,-224.14456763823435,200,0.021602589364368343
1679,-367.33071788242745,95,0.02159178806968616
1680,-244.38897629899492,136,0.02158099217565132
1681,-292.76207075612945,178,0.021570201679563496
1682,-88.1032010099419,291,0.021559416578723716
1683,-142.75814383458084,318,0.021548636870434356
1684,-306.8717977612735,280,0.02153786255199914
1685,-112.00625617952987,302,0.02152709362072314
1686,-213.60259793126556,111,0.02151633007391278
1687,-93.81897582821165,297,0.021505571908875823
1688,-476.60674908920134,178,0.021494819122921387
1689,-267.76497285289815,205,0.021484071713359927
1690,-131.6571895931261,127,0.021473329677503247
1691,-65.96311100114049,127,0.021462593012664496
1692,-271.56727456263263,267,0.021451861716158167
1693,-55.38419257632039,126,0.02144113578530009
1694,-73.65865659173308,200,0.02143041521740744
1695,-189.67991289954114,296,0.021419700009798738
1696,-133.667689082862,143,0.02140899015979384
1697,-325.21679534565067,245,0.021398285664713947
1698,-276.38672390093745,181,0.02138758652188159
1699,-236.62142022982417,160,0.02137689272862065
1700,-451.1252069285299,107,0.021366204282256343
1701,-360.65535165777106,234,0.021355521180115217
1702,-233.6939930158896,274,0.02134484341952516
1703,-224.15006977365957,240,0.0213341709978154
1704,-312.87486509890994,217,0.021323503912316494
1705,-395.41614606332473,166,0.021312842160360338
1706,-86.39156869374742,156,0.02130218573928016
1707,-55.32274168809545,282,0.02129153464641052
1708,-296.2211211877061,225,0.021280888879087315
1709,-147.52530239837338,285,0.02127024843464777
1710,-133.40869921320797,113,0.02125961331043045
1711,-26.602587903362704,317,0.021248983503775236
1712,-202.76376171662616,191,0.02123835901202335
1713,-157.26306505037647,230,0.02122773983251734
1714,-287.30068583339556,262,0.021217125962601082
1715,-314.7892144013607,202,0.021206517399619783
1716,-64.29536984473212,195,0.021195914140919973
1717,-305.533397829054,119,0.021185316183849515
1718,-47.90698669476178,181,0.02117472352575759
1719,-142.73937277905358,170,0.021164136163994714
1720,-268.22450459726804,152,0.021153554095912717
1721,-225.17318174394558,288,0.02114297731886476
1722,-60.78593007502076,210,0.02113240583020533
1723,-230.04298122981072,211,0.02112183962729023
1724,-227.38279901395862,190,0.021111278707476585
1725,-213.47527908937616,248,0.02110072306812285
1726,-93.20100893686597,123,0.021090172706588788
1727,-284.7043669018325,144,0.021079627620235495
1728,-116.2983475778848,235,0.021069087806425378
1729,-35.95870371904783,212,0.021058553262522168
1730,-244.1853564872574,157,0.02104802398589091
1731,-352.98481107856117,114,0.021037499973897967
1732,-193.05642403998303,170,0.02102698122391102
1733,-43.42646712718131,135,0.021016467733299064
1734,-282.9346164838026,201,0.021005959499432417
1735,-88.8665846294775,193,0.020995456519682702
1736,-171.56295244474717,132,0.020984958791422863
1737,-180.20212143181539,160,0.02097446631202715
1738,-227.57872435478097,175,0.02096397907887114
1739,-248.82817921642905,146,0.020953497089331707
1740,-180.166348357917,99,0.02094302034078704
1741,-107.15690972884569,95,0.020932548830616647
1742,-235.660161150571,184,0.02092208255620134
1743,-288.29559319619796,188,0.02091162151492324
1744,-145.4800338424699,243,0.02090116570416578
1745,-49.16186122406243,167,0.0208907151213137
1746,-314.45303825439976,323,0.020880269763753043
1747,-306.26366765133855,228,0.020869829628871166
1748,-306.5827347553403,173,0.02085939471405673
1749,-253.86561625640203,137,0.020848965016699705
1750,-222.85350071367128,177,0.020838540534191357
1751,-92.5470605280819,281,0.020828121263924262
1752,-95.28483824445402,207,0.0208177072032923
1753,-106.05128752185705,180,0.020807298349690657
1754,-329.0909286103615,85,0.020796894700515812
1755,-216.7515117369437,153,0.020786496253165556
1756,-235.89951643543313,156,0.020776103005038973
1757,-218.9762976504295,272,0.020765714953536456
1758,-124.73620128151452,213,0.02075533209605969
1759,-206.66287044985037,121,0.02074495443001166
1760,-122.4620480063757,179,0.020734581952796656
1761,-443.89299162158443,204,0.02072421466182026
1762,-367.2245892927618,201,0.02071385255448935
1763,-235.716525667688,176,0.02070349562821211
1764,-309.7189393527184,161,0.020693143880398005
1765,-120.77551847907179,142,0.020682797308457807
1766,-304.2758093353723,181,0.02067245590980358
1767,-323.54132487652043,259,0.020662119681848678
1768,-316.1248630859816,138,0.020651788622007755
1769,-79.14050484411473,370,0.020641462727696753
1770,-133.9851195501328,229,0.020631141996332907
1771,-159.65083178203923,186,0.02062082642533474
1772,-52.60228491610734,150,0.020610516012122077
1773,-241.54111456164588,163,0.020600210754116017
1774,-325.2087940567902,110,0.02058991064873896
1775,-170.7379379909597,137,0.020579615693414592
1776,-171.99092287521216,256,0.020569325885567886
1777,-104.03625762179468,200,0.020559041222625103
1778,-3.3974585223461844,171,0.02054876170201379
1779,-172.28482184932338,224,0.020538487321162785
1780,-306.6098551926493,288,0.020528218077502203
1781,-125.5406576375754,241,0.020517953968463454
1782,-293.8656665217641,204,0.02050769499147922
1783,-261.6603053498954,169,0.020497441143983483
1784,-194.2903292810915,393,0.02048719242341149
1785,-226.11717199281145,293,0.020476948827199786
1786,-155.7353211440794,224,0.020466710352786188
1787,-82.05202184568947,192,0.020456476997609795
1788,-220.82616636112988,304,0.02044624875911099
1789,-85.48022411786187,227,0.020436025634731434
1790,-80.04035810061622,239,0.02042580762191407
1791,-356.85286569487243,589,0.020415594718103114
1792,-77.31515833920041,135,0.020405386920744062
1793,-79.23597215575026,119,0.020395184227283692
1794,-259.2104342377598,167,0.020384986635170053
1795,-169.76224470712023,158,0.02037479414185247
1796,-309.3330636247215,282,0.020364606744781542
1797,-115.23309769893132,193,0.02035442444140915
1798,-433.53258469058807,270,0.02034424722918845
1799,-347.5476372468622,165,0.020334075105573855
1800,-79.87983297627474,213,0.02032390806802107
1801,-46.70876853913092,282,0.02031374611398706
1802,-149.85677189613148,399,0.020303589240930068
1803,-267.43647643548513,167,0.020293437446309605
1804,-30.1974229853638,138,0.020283290727586452
1805,-299.5505205921902,217,0.02027314908222266
1806,-100.48095808906777,212,0.02026301250768155
1807,-160.20747099099862,268,0.02025288100142771
1808,-129.8363894459616,215,0.020242754560926998
1809,-160.7655703714513,303,0.020232633183646535
1810,-37.210404755166664,283,0.020222516867054712
1811,-324.9916420171314,189,0.020212405608621187
1812,-60.95361897285014,132,0.020202299405816877
1813,-189.70761509041117,169,0.02019219825611397
1814,-192.40470802268305,332,0.02018210215698591
1815,-94.37485276701628,268,0.02017201110590742
1816,-36.69289550975026,398,0.020161925100354465
1817,-177.85384006276294,364,0.020151844137804287
1818,-352.2412070128652,147,0.020141768215735385
1819,-47.516595004247996,187,0.020131697331627518
1820,-94.59415756637858,187,0.020121631482961706
1821,-242.92593831715448,205,0.020111570667220226
1822,-282.7387467299827,166,0.020101514881886617
1823,-119.50948371380042,185,0.020091464124445676
1824,-75.02687947804867,134,0.020081418392383456
1825,-316.889279599206,186,0.020071377683187265
1826,-174.6217803767656,167,0.02006134199434567
1827,-321.59127404499174,252,0.0200513113233485
1828,-394.85041063252106,162,0.020041285667686825
1829,-181.62312755824607,173,0.020031265024852984
1830,-61.7188001552684,112,0.020021249392340557
1831,-294.7542513930014,225,0.02001123876764439
1832,-61.49986794764521,211,0.020001233148260567
1833,-34.20679780467239,186,0.01999123253168644
1834,-255.09664167252723,200,0.019981236915420596
1835,-121.04742502467316,253,0.019971246296962886
1836,-281.00540243476496,164,0.019961260673814405
1837,-210.95157160560484,243,0.019951280043477498
1838,-253.42990279401567,164,0.01994130440345576
1839,-143.3494801652789,206,0.01993133375125403
1840,-385.3643273796489,195,0.019921368084378405
1841,-214.88030284801252,188,0.019911407400336218
1842,-140.3450953467031,182,0.01990145169663605
1843,-277.17111694577784,247,0.019891500970787734
1844,-223.95751758107335,203,0.01988155522030234
1845,-103.32798361931802,106,0.01987161444269219
1846,-235.50026897791207,136,0.019861678635470847
1847,-215.98831205934565,187,0.01985174779615311
1848,-3.4180226868412973,170,0.019841821922255035
1849,-112.37649919365394,218,0.01983190101129391
1850,-239.70419311849682,195,0.019821985060788264
1851,-176.374507140641,181,0.01981207406825787
1852,-159.15087078401976,116,0.019802168031223744
1853,-182.28184861285024,309,0.019792266947208134
1854,-132.96440896419648,211,0.01978237081373453
1855,-175.1438483358885,226,0.019772479628327667
1856,-91.57293094635928,427,0.019762593388513505
1857,-127.73561820691016,226,0.01975271209181925
1858,-234.2226275751607,165,0.019742835735773342
1859,-116.50194481123384,196,0.019732964317905458
1860,-217.17228749936447,150,0.019723097835746505
1861,-245.16344393130802,191,0.019713236286828632
1862,-79.98582119499395,138,0.01970337966868522
1863,-77.15545946208542,390,0.019693527978850878
1864,-62.81092271126299,133,0.019683681214861453
1865,-38.02447945196265,129,0.019673839374254022
1866,-303.89917487303916,254,0.019664002454566898
1867,-250.63385876879045,158,0.019654170453339614
1868,-43.452127459687624,248,0.019644343368112945
1869,-324.4253237619596,225,0.01963452119642889
1870,-64.09911486819328,186,0.019624703935830677
1871,-99.6360771123411,271,0.019614891583862763
1872,-88.9163255949003,292,0.01960508413807083
1873,-308.5420782137327,172,0.019595281596001796
1874,-187.08375117797902,194,0.019585483955203795
1875,-264.12287118170974,194,0.019575691213226193
1876,-244.98147425191027,222,0.01956590336761958
1877,-148.72089389642701,158,0.01955612041593577
1878,-252.35237670717092,208,0.019546342355727806
1879,-69.01559064533225,114,0.019536569184549945
1880,-270.21770963769586,187,0.01952680089995767
1881,-1.8790485459043964,253,0.019517037499507693
1882,-35.27260888902073,143,0.01950727898075794
1883,-163.740717120731,228,0.01949752534126756
1884,-132.77593810346877,189,0.01948777657859693
1885,-293.4190770357341,251,0.019478032690307633
1886,-84.54832699401604,202,0.01946829367396248
1887,-87.84976915466197,163,0.0194585595271255
1888,-265.08314881482676,128,0.019448830247361937
1889,-71.46925188883051,182,0.019439105832238256
1890,40.61980133625531,164,0.019429386279322138
1891,-105.69023804084189,175,0.019419671586182477
1892,-110.8721452566856,267,0.019409961750389386
1893,-91.35810855178663,203,0.019400256769514193
1894,-240.35895656408874,194,0.019390556641129437
1895,-54.86966857387357,142,0.019380861362808872
1896,-119.3631112722872,194,0.01937117093212747
1897,-328.4899432630084,241,0.019361485346661406
1898,-427.60388051517776,199,0.019351804603988075
1899,-270.21277838232174,173,0.01934212870168608
1900,-314.92449042337387,174,0.019332457637335237
1901,-71.5994267897971,285,0.01932279140851657
1902,-167.9707354082622,216,0.01931313001281231
1903,-148.58553645282518,132,0.019303473447805905
1904,-180.71423272752537,303,0.019293821711082
1905,-280.05582204875327,182,0.019284174800226463
1906,-195.2625791670473,182,0.01927453271282635
1907,-59.28702306107013,118,0.019264895446469938
1908,-447.6434125773176,123,0.019255262998746706
1909,-93.47940123666534,216,0.019245635367247334
1910,-272.7993141094928,170,0.01923601254956371
1911,-43.20804694643898,149,0.01922639454328893
1912,-282.6898961850685,232,0.019216781346017286
1913,-39.06764047939958,124,0.019207172955344277
1914,-108.20216138084749,221,0.019197569368866605
1915,-273.7684871314671,229,0.019187970584182173
1916,-286.6879092424328,198,0.019178376598890084
1917,-174.76241479188315,111,0.01916878741059064
1918,-258.3084215187383,170,0.019159203016885347
1919,-35.808401821885624,270,0.019149623415376904
1920,-224.45955916332446,176,0.019140048603669215
1921,-59.07594477416918,179,0.01913047857936738
1922,-259.7521217395984,404,0.0191209133400777
1923,-303.5853880289182,197,0.01911135288340766
1924,-191.46223717757948,175,0.01910179720696596
1925,-327.99620488889207,104,0.019092246308362478
1926,-241.39225737571473,169,0.019082700185208298
1927,-320.18753187470185,247,0.019073158835115695
1928,-310.8727777615808,329,0.01906362225569814
1929,-276.13679256723026,185,0.01905409044457029
1930,-127.92109492521841,114,0.019044563399348007
1931,-74.28870536074967,124,0.019035041117648335
1932,-340.3394203673776,451,0.019025523597089512
1933,-128.16857840091308,111,0.019016010835290968
1934,-91.9556864491976,204,0.019006502829873324
1935,-338.35822117833527,186,0.01899699957845839
1936,-130.0290320516213,385,0.018987501078669162
1937,-248.65802127390302,150,0.018978007328129827
1938,-152.9869222308589,147,0.018968518324465763
1939,-288.6792082629229,241,0.018959034065303533
1940,-319.53262598299534,320,0.018949554548270884
1941,-249.74330316750627,183,0.01894007977099675
1942,-228.44435270269415,181,0.018930609731111252
1943,-532.0503404396593,192,0.0189211444262457
1944,-110.1541836478205,210,0.018911683854032576
1945,-44.94945239870775,137,0.01890222801210556
1946,-230.921300334068,175,0.018892776898099508
1947,-143.1343282445737,127,0.01888333050965046
1948,-239.8078250188054,175,0.018873888844395635
1949,-244.21057176641978,152,0.018864451899973437
1950,-261.0996533250676,199,0.018855019674023452
1951,-299.24009996632435,108,0.01884559216418644
1952,-197.1681854504286,180,0.01883616936810435
1953,-195.38515868736562,148,0.018826751283420297
1954,49.313253517246324,197,0.01881733790777859
1955,-62.15682609313349,113,0.0188079292388247
1956,-257.1481149732076,183,0.01879852527420529
1957,-31.580387186017674,289,0.018789126011568187
1958,-407.9292057732737,240,0.018779731448562403
1959,-108.32378051822995,233,0.018770341582838124
1960,-412.35744807849443,260,0.018760956412046708
1961,-40.80082697317272,216,0.018751575933840685
1962,-21.38095398529333,203,0.018742200145873765
1963,-101.73141910829166,192,0.018732829045800828
1964,-348.0297522045859,121,0.01872346263127793
1965,-318.7278747527201,166,0.01871410089996229
1966,-222.2982521195965,163,0.01870474384951231
1967,-355.18459393788254,246,0.018695391477587555
1968,-3.0238908484185743,144,0.018686043781848762
1969,-271.51000853268886,411,0.018676700759957837
1970,-114.43594899909873,259,0.018667362409577858
1971,-69.97290917155959,129,0.01865802872837307
1972,-83.07823264228638,267,0.018648699714008884
1973,-3.0108705864035556,105,0.018639375364151882
1974,-131.36852970893065,267,0.018630055676469807
1975,-286.2673633238142,312,0.018620740648631572
1976,-255.0954777814501,217,0.018611430278307257
1977,-121.88899594117088,342,0.018602124563168104
1978,-83.89266928343291,80,0.01859282350088652
1979,-97.62604551278152,142,0.01858352708913608
1980,-254.83207885873713,240,0.018574235325591514
1981,-128.9305488348071,345,0.018564948207928717
1982,-249.47918383437244,299,0.018555665733824753
1983,-242.51616625222505,185,0.01854638790095784
1984,-107.64975317828113,151,0.018537114707007363
1985,-307.5712685293379,292,0.01852784614965386
1986,-39.87585522175655,137,0.018518582226579032
1987,-215.24371526958345,386,0.018509322935465745
1988,-102.0081635799379,153,0.018500068273998013
1989,-96.09107455541636,179,0.018490818239861016
1990,-275.85272338772575,188,0.018481572830741085
1991,-290.52786481590886,161,0.018472332044325714
1992,-227.96801008033145,224,0.018463095878303554
1993,-156.05084690058112,441,0.018453864330364403
1994,-242.0492327643197,176,0.01844463739819922
1995,-205.1499263386558,285,0.018435415079500122
1996,-66.92547095900741,200,0.018426197371960374
1997,-169.62818778309406,141,0.018416984273274394
1998,-239.00748561803613,259,0.018407775781137756
1999,-29.23167370016745,305,0.018398571893247187
2000,-252.60562380168113,233,0.018389372607300565
